-- MySQL dump 10.13  Distrib 5.5.37, for debian-linux-gnu (i686)
--
-- Host: localhost    Database: scf_dale_production
-- ------------------------------------------------------
-- Server version	5.5.37-0ubuntu0.12.04.1

/*!40101 SET @OLD_CHARACTER_SET_CLIENT=@@CHARACTER_SET_CLIENT */;
/*!40101 SET @OLD_CHARACTER_SET_RESULTS=@@CHARACTER_SET_RESULTS */;
/*!40101 SET @OLD_COLLATION_CONNECTION=@@COLLATION_CONNECTION */;
/*!40101 SET NAMES utf8 */;
/*!40103 SET @OLD_TIME_ZONE=@@TIME_ZONE */;
/*!40103 SET TIME_ZONE='+00:00' */;
/*!40014 SET @OLD_UNIQUE_CHECKS=@@UNIQUE_CHECKS, UNIQUE_CHECKS=0 */;
/*!40014 SET @OLD_FOREIGN_KEY_CHECKS=@@FOREIGN_KEY_CHECKS, FOREIGN_KEY_CHECKS=0 */;
/*!40101 SET @OLD_SQL_MODE=@@SQL_MODE, SQL_MODE='NO_AUTO_VALUE_ON_ZERO' */;
/*!40111 SET @OLD_SQL_NOTES=@@SQL_NOTES, SQL_NOTES=0 */;

--
-- Table structure for table `accounts`
--

DROP TABLE IF EXISTS `accounts`;
/*!40101 SET @saved_cs_client     = @@character_set_client */;
/*!40101 SET character_set_client = utf8 */;
CREATE TABLE `accounts` (
  `id` int(11) NOT NULL AUTO_INCREMENT,
  `description` varchar(255) COLLATE utf8_unicode_ci DEFAULT NULL,
  `top_account_id` int(11) DEFAULT NULL,
  `created_at` datetime DEFAULT NULL,
  `updated_at` datetime DEFAULT NULL,
  PRIMARY KEY (`id`),
  KEY `index_accounts_on_top_account_id` (`top_account_id`)
) ENGINE=InnoDB AUTO_INCREMENT=128 DEFAULT CHARSET=utf8 COLLATE=utf8_unicode_ci;
/*!40101 SET character_set_client = @saved_cs_client */;

--
-- Dumping data for table `accounts`
--

LOCK TABLES `accounts` WRITE;
/*!40000 ALTER TABLE `accounts` DISABLE KEYS */;
INSERT INTO `accounts` VALUES (1,'RECEBIMENTOS',NULL,'2015-04-08 02:47:59','2015-07-09 02:01:58'),(2,'TCI Aberto',1,'2015-04-08 02:48:35','2015-04-08 02:48:35'),(3,'Treinamentos Corporativos',1,'2015-04-08 02:49:25','2015-04-08 02:49:25'),(4,'CUSTOS DE INSTRUÇÃO',NULL,'2015-07-09 02:02:35','2015-07-09 02:02:35'),(5,'CUSTOS COMERCIAIS',NULL,'2015-07-09 02:02:52','2015-07-09 02:02:52'),(6,'CUSTOS ADMINISTRATIVOS',NULL,'2015-07-09 02:03:05','2015-07-09 02:03:05'),(7,'CUSTOS COM PESSOAL',NULL,'2015-07-09 02:03:14','2015-07-09 02:03:14'),(8,'ENTRADAS NÃO OPERACIONAIS',NULL,'2015-07-09 02:03:26','2015-07-09 02:03:26'),(9,'SAÍDAS NÃO OPERACIONAIS',NULL,'2015-07-09 02:03:45','2015-07-09 02:03:45'),(68,'ADCC Aberto',1,'2015-07-08 22:00:00','2015-07-08 22:00:00'),(69,'HIP Aberto',1,'2015-07-08 22:00:00','2015-07-08 22:00:00'),(70,'TNT Aberto',1,'2015-07-08 22:00:00','2015-07-08 22:00:00'),(71,'TLG Aberto',1,'2015-07-08 22:00:00','2015-07-08 22:00:00'),(72,'APV Aberto',1,'2015-07-08 22:00:00','2015-07-08 22:00:00'),(73,'Imposto - Simples nacional',4,'2015-07-08 22:00:00','2015-07-08 22:00:00'),(74,'Aluguel de sala',4,'2015-07-08 22:00:00','2015-07-08 22:00:00'),(75,'Aluguel de equipamentos',4,'2015-07-08 22:00:00','2015-07-08 22:00:00'),(76,'Coffee break',4,'2015-07-08 22:00:00','2015-07-08 22:00:00'),(77,'Livros e manuais',4,'2015-07-08 22:00:00','2015-07-08 22:00:00'),(78,'Material de consumo',4,'2015-07-08 22:00:00','2015-07-08 22:00:00'),(79,'Material de apoio',4,'2015-07-08 22:00:00','2015-07-08 22:00:00'),(80,'Transporte Trainer',4,'2015-07-08 22:00:00','2015-07-08 22:00:00'),(81,'Hospedagem Trainer',4,'2015-07-08 22:00:00','2015-07-08 22:00:00'),(82,'Alimentação Trainer',4,'2015-07-08 22:00:00','2015-07-08 22:00:00'),(83,'Comissões de Instrução',4,'2015-07-08 22:00:00','2015-07-08 22:00:00'),(84,'Outras despesas de instrução',4,'2015-07-08 22:00:00','2015-07-08 22:00:00'),(85,'Aluguel de sala',5,'2015-07-08 22:00:00','2015-07-08 22:00:00'),(86,'Aluguel de equipamentos',5,'2015-07-08 22:00:00','2015-07-08 22:00:00'),(87,'Coffee break',5,'2015-07-08 22:00:00','2015-07-08 22:00:00'),(88,'Livros e manuais',5,'2015-07-08 22:00:00','2015-07-08 22:00:00'),(89,'Material de consumo',5,'2015-07-08 22:00:00','2015-07-08 22:00:00'),(90,'Material de apoio',5,'2015-07-08 22:00:00','2015-07-08 22:00:00'),(91,'Transporte',5,'2015-07-08 22:00:00','2015-07-08 22:00:00'),(92,'Hospedagem',5,'2015-07-08 22:00:00','2015-07-08 22:00:00'),(93,'Alimentação',5,'2015-07-08 22:00:00','2015-07-08 22:00:00'),(94,'Estacionamento',5,'2015-07-08 22:00:00','2015-07-08 22:00:00'),(95,'Comissões de Vendas',5,'2015-07-08 22:00:00','2015-07-08 22:00:00'),(96,'Outras Despesas Comerciais',5,'2015-07-08 22:00:00','2015-07-08 22:00:00'),(97,'Correios, fretes e transportes',6,'2015-07-08 22:00:00','2015-07-08 22:00:00'),(98,'Energia Elétrica',6,'2015-07-08 22:00:00','2015-07-08 22:00:00'),(99,'Cartórios e certidões',6,'2015-07-08 22:00:00','2015-07-08 22:00:00'),(100,'Honorários Advocatícios',6,'2015-07-08 22:00:00','2015-07-08 22:00:00'),(101,'Honorários Contábeis',6,'2015-07-08 22:00:00','2015-07-08 22:00:00'),(102,'Internet/Telefone',6,'2015-07-08 22:00:00','2015-07-08 22:00:00'),(103,'Manutenção de Hardware e Software',6,'2015-07-08 22:00:00','2015-07-08 22:00:00'),(104,'Estrutura fixa',6,'2015-07-08 22:00:00','2015-07-08 22:00:00'),(105,'Estrutura móvel',6,'2015-07-08 22:00:00','2015-07-08 22:00:00'),(106,'Materiais de Escritório',6,'2015-07-08 22:00:00','2015-07-08 22:00:00'),(107,'Material e serviço de Limpeza',6,'2015-07-08 22:00:00','2015-07-08 22:00:00'),(108,'Estacionamento',6,'2015-07-08 22:00:00','2015-07-08 22:00:00'),(109,'Seguro',6,'2015-07-08 22:00:00','2015-07-08 22:00:00'),(110,'Mensalidades de instituições (AMCHAM, CDL)',6,'2015-07-08 22:00:00','2015-07-08 22:00:00'),(111,'Outros gastos administrativos',6,'2015-07-08 22:00:00','2015-07-08 22:00:00'),(112,'Salários',7,'2015-07-08 22:00:00','2015-07-08 22:00:00'),(113,'Adiantamentos',7,'2015-07-08 22:00:00','2015-07-08 22:00:00'),(114,'Alimentação',7,'2015-07-08 22:00:00','2015-07-08 22:00:00'),(115,'Transporte',7,'2015-07-08 22:00:00','2015-07-08 22:00:00'),(116,'Encargos',7,'2015-07-08 22:00:00','2015-07-08 22:00:00'),(117,'Outros gastos com pessoal',7,'2015-07-08 22:00:00','2015-07-08 22:00:00'),(118,'Entrada Empréstimos e Financiamentos ',8,'2015-07-08 22:00:00','2015-07-08 22:00:00'),(119,'Aporte de Capital',8,'2015-07-08 22:00:00','2015-07-08 22:00:00'),(120,'Venda de ativo imobilizado',8,'2015-07-08 22:00:00','2015-07-08 22:00:00'),(121,'Pagamento de empréstimos',9,'2015-07-08 22:00:00','2015-07-08 22:00:00'),(122,'Impostos',9,'2015-07-08 22:00:00','2015-07-08 22:00:00'),(123,'Tarifas bancárias e juros',9,'2015-07-08 22:00:00','2015-07-08 22:00:00'),(124,'Investimento em ativo fixo',9,'2015-07-08 22:00:00','2015-07-08 22:00:00'),(125,'Outros pagamentos não operacionais',9,'2015-07-08 22:00:00','2015-07-08 22:00:00'),(126,'TRANSFERÊNCIAS',NULL,'2015-07-24 13:03:35','2015-07-24 13:03:35'),(127,'Transferências',126,'2015-07-24 13:03:50','2015-07-24 13:03:50');
/*!40000 ALTER TABLE `accounts` ENABLE KEYS */;
UNLOCK TABLES;

--
-- Table structure for table `banks`
--

DROP TABLE IF EXISTS `banks`;
/*!40101 SET @saved_cs_client     = @@character_set_client */;
/*!40101 SET character_set_client = utf8 */;
CREATE TABLE `banks` (
  `id` int(11) NOT NULL AUTO_INCREMENT,
  `name` varchar(255) COLLATE utf8_unicode_ci DEFAULT NULL,
  `created_at` datetime DEFAULT NULL,
  `updated_at` datetime DEFAULT NULL,
  PRIMARY KEY (`id`)
) ENGINE=InnoDB AUTO_INCREMENT=4 DEFAULT CHARSET=utf8 COLLATE=utf8_unicode_ci;
/*!40101 SET character_set_client = @saved_cs_client */;

--
-- Dumping data for table `banks`
--

LOCK TABLES `banks` WRITE;
/*!40000 ALTER TABLE `banks` DISABLE KEYS */;
INSERT INTO `banks` VALUES (1,'Caixa','2015-04-08 02:47:15','2015-04-08 02:47:15'),(2,'Itaú 1582/28433-5','2015-04-08 02:47:29','2015-04-08 02:47:29'),(3,'Materiais','2015-04-08 02:47:37','2015-04-08 02:47:37');
/*!40000 ALTER TABLE `banks` ENABLE KEYS */;
UNLOCK TABLES;

--
-- Table structure for table `companies`
--

DROP TABLE IF EXISTS `companies`;
/*!40101 SET @saved_cs_client     = @@character_set_client */;
/*!40101 SET character_set_client = utf8 */;
CREATE TABLE `companies` (
  `id` int(11) NOT NULL AUTO_INCREMENT,
  `name` varchar(255) COLLATE utf8_unicode_ci DEFAULT NULL,
  `cnpj` varchar(255) COLLATE utf8_unicode_ci DEFAULT NULL,
  `county_subscription` varchar(255) COLLATE utf8_unicode_ci DEFAULT NULL,
  `address` varchar(255) COLLATE utf8_unicode_ci DEFAULT NULL,
  `neighborhood` varchar(255) COLLATE utf8_unicode_ci DEFAULT NULL,
  `city` varchar(255) COLLATE utf8_unicode_ci DEFAULT NULL,
  `state` varchar(255) COLLATE utf8_unicode_ci DEFAULT NULL,
  `postal_code` varchar(255) COLLATE utf8_unicode_ci DEFAULT NULL,
  `phone` varchar(255) COLLATE utf8_unicode_ci DEFAULT NULL,
  `responsible_name` varchar(255) COLLATE utf8_unicode_ci DEFAULT NULL,
  `responsible_email` varchar(255) COLLATE utf8_unicode_ci DEFAULT NULL,
  `responsible_job_description` varchar(255) COLLATE utf8_unicode_ci DEFAULT NULL,
  `created_at` datetime DEFAULT NULL,
  `updated_at` datetime DEFAULT NULL,
  PRIMARY KEY (`id`)
) ENGINE=InnoDB AUTO_INCREMENT=58 DEFAULT CHARSET=utf8 COLLATE=utf8_unicode_ci;
/*!40101 SET character_set_client = @saved_cs_client */;

--
-- Dumping data for table `companies`
--

LOCK TABLES `companies` WRITE;
/*!40000 ALTER TABLE `companies` DISABLE KEYS */;
INSERT INTO `companies` VALUES (1,'emp','0123','isento','rua bbb','ccc','BHH','MGG','31','345','rafa','r@f.com','cheee','2015-02-11 01:07:48','2015-02-11 01:07:48'),(2,'emp','0123','isento','rua bbb','ccc','BHH','MGG','31','345','rafa','r@f.com','cheee','2015-02-16 07:57:45','2015-02-16 07:57:45'),(6,'','','','','','','','','','','','','2015-02-28 02:39:43','2015-02-28 02:39:43'),(7,'','','','','','','','','','','','','2015-02-28 02:40:54','2015-02-28 02:40:54'),(13,'','','','','','','','','','','','','2015-02-28 02:49:37','2015-02-28 02:49:37'),(14,'','','','','','','','','','','','','2015-02-28 02:51:25','2015-02-28 02:51:25'),(15,'','','','','','','','','','','','','2015-02-28 02:52:12','2015-02-28 02:52:12'),(16,'','','','','','','','','','','','','2015-02-28 02:52:55','2015-02-28 02:52:55'),(17,'','','','','','','','','','','','','2015-02-28 02:53:50','2015-02-28 02:53:50'),(42,'','','','','','','','','','','','','2015-02-28 03:28:35','2015-02-28 03:28:35'),(43,'','','','','','','','','','','','','2015-02-28 03:30:32','2015-02-28 03:30:32'),(44,'','','','','','','','','','','','','2015-02-28 03:33:42','2015-02-28 03:33:42'),(45,'Aldo Engenharia','12.345.678/0001-12','Isento','Rua Barão, 156','Centro','Itauna','MG','32123-456','31 9292-9393','Baiano','b@c.com','Dono','2015-02-28 12:15:52','2015-02-28 12:15:52'),(46,'','','','','','','','','','','','','2015-03-06 22:48:40','2015-03-06 22:48:40'),(47,'','','','','','','','','','','','','2015-03-06 22:49:40','2015-03-06 22:49:40'),(48,'a','1212121212121','a','a','a','a','a','8721827','127812781','a','a','a','2015-03-31 22:14:29','2015-03-31 22:14:29'),(49,'a','1212121212121','a','a','a','a','a','8721827','127812781','a','a','a','2015-03-31 22:14:52','2015-03-31 22:14:52'),(50,'a','12345678000100','a','a','a','a','a','12345678','1234567890','a','a@b.com','a','2015-04-04 21:21:26','2015-04-04 21:21:26'),(51,'AP Ponto Construção e Incorporação LTDA','11263343000165','','Av. Álvares Cabral, 1366','Lourdes','Belo Horizonte','MG','30170001','3130257005','Tadeu','tadeu.costa@apponto.com.br','Coordenador Comercial','2015-08-10 13:21:12','2015-08-10 13:21:12'),(52,'Localiza Rent a Car ','16670085000155','0304860/001-0','Av. Bernardo Monteiro 1563','Funcionários','Belo Horizonte','Minas Gerais','30150-902','3247-7739','Sabrina Alves Silva Santos','sabrina.santos@localiza.com','Assistente Administrativo','2015-08-10 20:03:38','2015-08-10 20:03:38');
/*!40000 ALTER TABLE `companies` ENABLE KEYS */;
UNLOCK TABLES;

--
-- Table structure for table `course_class_dates`
--

DROP TABLE IF EXISTS `course_class_dates`;
/*!40101 SET @saved_cs_client     = @@character_set_client */;
/*!40101 SET character_set_client = utf8 */;
CREATE TABLE `course_class_dates` (
  `id` int(11) NOT NULL AUTO_INCREMENT,
  `course_class_id` int(11) DEFAULT NULL,
  `day` date DEFAULT NULL,
  `created_at` datetime DEFAULT NULL,
  `updated_at` datetime DEFAULT NULL,
  PRIMARY KEY (`id`),
  KEY `index_course_class_dates_on_course_class_id` (`course_class_id`)
) ENGINE=InnoDB AUTO_INCREMENT=145 DEFAULT CHARSET=utf8 COLLATE=utf8_unicode_ci;
/*!40101 SET character_set_client = @saved_cs_client */;

--
-- Dumping data for table `course_class_dates`
--

LOCK TABLES `course_class_dates` WRITE;
/*!40000 ALTER TABLE `course_class_dates` DISABLE KEYS */;
INSERT INTO `course_class_dates` VALUES (7,11,'2015-01-26','2015-01-03 02:47:04','2015-01-03 02:47:04'),(8,11,'2015-02-02','2015-01-03 02:47:04','2015-01-03 02:47:04'),(9,11,'2015-02-09','2015-01-03 02:47:04','2015-01-03 02:47:04'),(10,11,'2015-02-23','2015-01-03 02:47:04','2015-01-03 02:47:04'),(11,11,'2015-03-02','2015-01-03 02:47:04','2015-01-03 02:47:04'),(12,11,'2015-03-09','2015-01-03 02:47:04','2015-01-03 02:47:04'),(13,11,'2015-03-16','2015-01-03 02:47:04','2015-01-03 02:47:04'),(14,11,'2015-03-23','2015-01-03 02:47:04','2015-01-03 02:47:04'),(15,NULL,'2015-04-23','2015-01-05 13:00:28','2015-01-05 13:00:28'),(16,NULL,'2015-04-30','2015-01-05 13:00:28','2015-01-05 13:00:28'),(17,NULL,'2015-05-07','2015-01-05 13:00:28','2015-01-05 13:00:28'),(18,NULL,'2015-05-14','2015-01-05 13:00:28','2015-01-05 13:00:28'),(19,NULL,'2015-05-21','2015-01-05 13:00:28','2015-01-05 13:00:28'),(20,NULL,'2015-05-28','2015-01-05 13:00:28','2015-01-05 13:00:28'),(21,2,'2014-07-14','2015-01-05 13:02:43','2015-01-05 13:02:43'),(22,2,'2014-07-21','2015-01-05 13:02:43','2015-01-05 13:02:43'),(23,2,'2014-07-28','2015-01-05 13:02:43','2015-01-05 13:02:43'),(24,12,'2015-05-16','2015-02-17 05:43:25','2015-02-17 05:43:25'),(25,12,'2015-05-17','2015-02-17 05:43:25','2015-02-17 05:43:25'),(26,13,'2015-05-18','2015-04-18 20:15:29','2015-04-18 20:15:29'),(27,13,'2015-05-25','2015-04-18 20:15:29','2015-04-18 20:15:29'),(28,13,'2015-06-01','2015-04-18 20:15:29','2015-04-18 20:15:29'),(29,13,'2015-06-08','2015-04-18 20:15:29','2015-04-18 20:15:29'),(30,13,'2015-06-15','2015-04-18 20:15:29','2015-04-18 20:15:29'),(31,13,'2015-06-22','2015-04-18 20:15:29','2015-04-18 20:15:29'),(32,13,'2015-06-29','2015-04-18 20:15:29','2015-04-18 20:15:29'),(33,13,'2015-07-06','2015-04-18 20:15:29','2015-04-18 20:15:29'),(34,13,'2015-07-13','2015-04-18 20:15:29','2015-04-18 20:15:29'),(35,13,'2015-07-20','2015-04-18 20:15:29','2015-04-18 20:15:29'),(36,13,'2015-07-27','2015-04-18 20:15:29','2015-04-18 20:15:29'),(37,13,'2015-08-03','2015-04-18 20:15:29','2015-04-18 20:15:29'),(38,14,'2015-05-18','2015-04-18 20:17:04','2015-04-18 20:17:04'),(39,14,'2015-05-25','2015-04-18 20:17:04','2015-04-18 20:17:04'),(40,14,'2015-06-01','2015-04-18 20:17:04','2015-04-18 20:17:04'),(41,14,'2015-06-08','2015-04-18 20:17:04','2015-04-18 20:17:04'),(42,14,'2015-06-15','2015-04-18 20:17:04','2015-04-18 20:17:04'),(43,14,'2015-06-22','2015-04-18 20:17:04','2015-04-18 20:17:04'),(44,14,'2015-06-29','2015-04-18 20:17:04','2015-04-18 20:17:04'),(45,14,'2015-07-06','2015-04-18 20:17:04','2015-04-18 20:17:04'),(46,14,'2015-07-13','2015-04-18 20:17:04','2015-04-18 20:17:04'),(47,14,'2015-07-20','2015-04-18 20:17:04','2015-04-18 20:17:04'),(48,14,'2015-07-27','2015-04-18 20:17:04','2015-04-18 20:17:04'),(49,14,'2015-08-03','2015-04-18 20:17:04','2015-04-18 20:17:04'),(50,15,'2014-01-20','2015-07-03 22:53:37','2015-07-03 22:53:37'),(51,15,'2014-02-10','2015-07-03 22:53:37','2015-07-03 22:53:37'),(52,15,'2014-03-06','2015-07-03 22:53:37','2015-07-03 22:53:37'),(53,16,'2014-03-21','2015-07-03 22:55:09','2015-07-03 22:55:09'),(54,17,'2014-08-27','2015-07-03 22:56:50','2015-07-03 22:56:50'),(55,18,'2014-07-01','2015-07-03 22:58:25','2015-07-03 22:58:25'),(56,19,'2014-07-21','2015-07-03 23:00:27','2015-07-03 23:00:27'),(57,19,'2014-07-28','2015-07-03 23:00:27','2015-07-03 23:00:27'),(58,19,'2014-08-04','2015-07-03 23:00:27','2015-07-03 23:00:27'),(59,19,'2014-08-11','2015-07-03 23:00:27','2015-07-03 23:00:27'),(60,19,'2014-08-18','2015-07-03 23:00:27','2015-07-03 23:00:27'),(61,19,'2014-08-25','2015-07-03 23:00:27','2015-07-03 23:00:27'),(62,19,'2014-09-01','2015-07-03 23:00:27','2015-07-03 23:00:27'),(63,19,'2014-09-08','2015-07-03 23:00:27','2015-07-03 23:00:27'),(64,20,'2014-09-01','2015-07-09 01:29:04','2015-07-09 01:29:04'),(65,20,'2014-09-02','2015-07-09 01:29:04','2015-07-09 01:29:04'),(66,NULL,'0014-09-01','2015-07-09 01:29:47','2015-07-09 01:29:47'),(67,NULL,'0014-11-17','2015-07-09 01:29:47','2015-07-09 01:29:47'),(68,NULL,'2014-09-01','2015-07-09 01:30:25','2015-07-09 01:30:25'),(69,NULL,'2014-11-17','2015-07-09 01:30:25','2015-07-09 01:30:25'),(70,NULL,'2014-09-18','2015-07-09 01:31:52','2015-07-09 01:31:52'),(71,NULL,'2014-09-19','2015-07-09 01:31:52','2015-07-09 01:31:52'),(72,22,'2014-09-17','2015-07-09 01:33:22','2015-07-09 01:33:22'),(73,22,'2014-09-19','2015-07-09 01:33:22','2015-07-09 01:33:22'),(74,23,'2014-10-02','2015-07-09 01:34:12','2015-07-09 01:34:12'),(75,23,'2014-10-03','2015-07-09 01:34:12','2015-07-09 01:34:12'),(76,24,'2014-12-01','2015-07-09 01:34:56','2015-07-09 01:34:56'),(77,24,'2014-12-02','2015-07-09 01:34:56','2015-07-09 01:34:56'),(78,25,'2014-12-03','2015-07-09 01:35:34','2015-07-09 01:35:34'),(79,25,'2014-12-04','2015-07-09 01:35:34','2015-07-09 01:35:34'),(80,26,'2015-01-26','2015-07-09 01:36:25','2015-07-09 01:36:25'),(81,26,'2015-04-21','2015-07-09 01:36:25','2015-07-09 01:36:25'),(82,21,'2014-09-01','2015-07-09 01:36:58','2015-07-09 01:36:58'),(83,21,'2014-11-17','2015-07-09 01:36:58','2015-07-09 01:36:58'),(84,27,'2015-01-26','2015-07-09 01:37:40','2015-07-09 01:37:40'),(85,27,'2015-03-23','2015-07-09 01:37:40','2015-07-09 01:37:40'),(86,28,'2014-09-10','2015-07-09 01:39:26','2015-07-09 01:39:26'),(87,28,'2014-11-26','2015-07-09 01:39:26','2015-07-09 01:39:26'),(88,29,'2015-04-24','2015-07-09 01:40:25','2015-07-09 01:40:25'),(89,29,'2015-07-07','2015-07-09 01:40:25','2015-07-09 01:40:25'),(90,30,'2015-03-25','2015-07-09 01:41:03','2015-07-09 01:41:03'),(91,30,'2015-03-26','2015-07-09 01:41:03','2015-07-09 01:41:03'),(92,31,'2015-04-25','2015-07-09 01:42:02','2015-07-09 01:42:02'),(93,31,'2015-05-30','2015-07-09 01:42:02','2015-07-09 01:42:02'),(94,32,'2015-03-10','2015-07-09 01:43:11','2015-07-09 01:43:11'),(95,32,'2015-05-26','2015-07-09 01:43:11','2015-07-09 01:43:11'),(96,33,'2015-03-19','2015-07-09 01:43:47','2015-07-09 01:43:47'),(97,33,'2015-06-11','2015-07-09 01:43:47','2015-07-09 01:43:47'),(98,34,'2015-05-16','2015-07-09 01:44:32','2015-07-09 01:44:32'),(99,34,'2015-05-17','2015-07-09 01:44:32','2015-07-09 01:44:32'),(100,35,'2015-05-15','2015-07-09 01:45:13','2015-07-09 01:45:13'),(101,35,'2015-08-03','2015-07-09 01:45:13','2015-07-09 01:45:13'),(102,36,'2015-05-14','2015-07-09 01:45:47','2015-07-09 01:45:47'),(103,36,'2015-05-15','2015-07-09 01:45:47','2015-07-09 01:45:47'),(104,37,'2014-11-21','2015-07-09 01:46:22','2015-07-09 01:46:22'),(105,37,'2014-11-22','2015-07-09 01:46:22','2015-07-09 01:46:22'),(106,38,'2014-11-21','2015-07-09 01:47:32','2015-07-09 01:47:32'),(107,38,'2014-02-24','2015-07-09 01:47:32','2015-07-09 01:47:32'),(108,39,'2015-07-06','2015-07-16 14:31:06','2015-07-16 14:31:06'),(109,39,'2015-07-13','2015-07-16 14:31:06','2015-07-16 14:31:06'),(110,39,'2015-07-20','2015-07-16 14:31:06','2015-07-16 14:31:06'),(111,39,'2015-07-27','2015-07-16 14:31:06','2015-07-16 14:31:06'),(112,39,'2015-08-03','2015-07-16 14:31:06','2015-07-16 14:31:06'),(113,39,'2015-08-10','2015-07-16 14:31:06','2015-07-16 14:31:06'),(114,39,'2015-08-17','2015-07-16 14:31:06','2015-07-16 14:31:06'),(115,39,'2015-08-24','2015-07-16 14:31:06','2015-07-16 14:31:06'),(116,39,'2015-09-14','2015-07-16 14:31:06','2015-07-16 14:31:06'),(117,39,'2015-09-21','2015-07-16 14:31:06','2015-07-16 14:31:06'),(118,39,'2015-09-28','2015-07-16 14:31:06','2015-07-16 14:31:06'),(119,39,'2015-10-05','2015-07-16 14:31:06','2015-07-16 14:31:06'),(120,40,'2015-06-30','2015-07-16 14:53:39','2015-07-16 14:53:39'),(121,40,'2015-07-07','2015-07-16 14:53:39','2015-07-16 14:53:39'),(122,40,'2015-07-14','2015-07-16 14:53:39','2015-07-16 14:53:39'),(123,40,'2015-07-21','2015-07-16 14:53:39','2015-07-16 14:53:39'),(124,40,'2015-07-28','2015-07-16 14:53:39','2015-07-16 14:53:39'),(125,40,'2015-08-04','2015-07-16 14:53:39','2015-07-16 14:53:39'),(126,40,'2015-08-11','2015-07-16 14:53:39','2015-07-16 14:53:39'),(127,40,'2015-08-18','2015-07-16 14:53:39','2015-07-16 14:53:39'),(128,40,'2015-08-25','2015-07-16 14:53:39','2015-07-16 14:53:39'),(129,40,'2015-09-01','2015-07-16 14:53:39','2015-07-16 14:53:39'),(130,40,'2015-09-08','2015-07-16 14:53:39','2015-07-16 14:53:39'),(131,40,'2015-09-15','2015-07-16 14:53:39','2015-07-16 14:53:39'),(132,41,'2015-07-10','2015-07-16 15:18:40','2015-07-16 15:18:40'),(133,41,'2015-07-11','2015-07-16 15:18:40','2015-07-16 15:18:40'),(134,42,'2015-08-10','2015-08-10 13:13:14','2015-08-10 13:13:14'),(135,42,'2015-08-17','2015-08-10 13:13:14','2015-08-10 13:13:14'),(136,42,'2015-08-24','2015-08-10 13:13:14','2015-08-10 13:13:14'),(137,42,'2015-08-31','2015-08-10 13:13:14','2015-08-10 13:13:14'),(138,42,'2015-09-14','2015-08-10 13:13:14','2015-08-10 13:13:14'),(139,42,'2015-09-21','2015-08-10 13:13:14','2015-08-10 13:13:14'),(140,42,'2015-09-28','2015-08-10 13:13:14','2015-08-10 13:13:14'),(141,42,'2015-10-05','2015-08-10 13:13:14','2015-08-10 13:13:14'),(142,43,'2015-08-07','2015-08-17 02:46:01','2015-08-17 02:46:01'),(143,43,'2015-08-14','2015-08-17 02:46:01','2015-08-17 02:46:01'),(144,43,'2015-08-21','2015-08-17 02:46:01','2015-08-17 02:46:01');
/*!40000 ALTER TABLE `course_class_dates` ENABLE KEYS */;
UNLOCK TABLES;

--
-- Table structure for table `course_classes`
--

DROP TABLE IF EXISTS `course_classes`;
/*!40101 SET @saved_cs_client     = @@character_set_client */;
/*!40101 SET character_set_client = utf8 */;
CREATE TABLE `course_classes` (
  `id` int(11) NOT NULL AUTO_INCREMENT,
  `course_id` int(11) DEFAULT NULL,
  `city` varchar(255) COLLATE utf8_unicode_ci DEFAULT NULL,
  `address` varchar(255) COLLATE utf8_unicode_ci DEFAULT NULL,
  `start_time` time DEFAULT NULL,
  `end_time` time DEFAULT NULL,
  `created_at` datetime DEFAULT NULL,
  `updated_at` datetime DEFAULT NULL,
  `identifier` varchar(255) COLLATE utf8_unicode_ci DEFAULT NULL,
  `result_center_id` int(11) DEFAULT NULL,
  PRIMARY KEY (`id`),
  KEY `index_course_classes_on_course_id` (`course_id`),
  KEY `index_course_classes_on_result_center_id` (`result_center_id`)
) ENGINE=InnoDB AUTO_INCREMENT=44 DEFAULT CHARSET=utf8 COLLATE=utf8_unicode_ci;
/*!40101 SET character_set_client = @saved_cs_client */;

--
-- Dumping data for table `course_classes`
--

LOCK TABLES `course_classes` WRITE;
/*!40000 ALTER TABLE `course_classes` DISABLE KEYS */;
INSERT INTO `course_classes` VALUES (15,3,'Belo Horizonte','San Francisco Flat','08:00:00','18:00:00','2015-07-03 22:53:37','2015-07-03 22:53:37','Kroton CNs',2),(16,3,'Uberlândia','UniAlgar','08:00:00','18:00:00','2015-07-03 22:55:09','2015-07-03 22:55:09','UniAlgar',1),(17,3,'Belo Horizonte','San Francisco Flat','08:00:00','18:00:00','2015-07-03 22:56:50','2015-07-03 22:56:50','ALE',2),(18,1,'Nova Serrana','SINDINOVA','18:00:00','22:00:00','2015-07-03 22:58:25','2015-07-03 22:58:25','NS04',3),(19,1,'Belo Horizonte','San Francisco Flat','22:58:00','22:58:00','2015-07-03 23:00:27','2015-07-03 23:00:27','BHA1',2),(20,2,'Belo Horizonte','Vale','09:00:00','18:00:00','2015-07-09 01:29:04','2015-07-09 01:29:04','Vale TNT 01',2),(21,1,'Uberlândia','AMCHAM','18:50:00','22:50:00','2015-07-09 01:29:47','2015-07-09 01:36:58','UD36',1),(22,2,'Belo Horizonte','AMCHAM','08:00:00','18:00:00','2015-07-09 01:31:52','2015-07-09 01:31:52','Vale TNT 02',2),(23,2,'Belo Horizonte','San Francisco Flat','08:00:00','18:00:00','2015-07-09 01:34:12','2015-07-09 01:34:12','Vale TNT 03',2),(24,4,'Belo Horizonte','AMCHAM','08:00:00','18:00:00','2015-07-09 01:34:56','2015-07-09 01:34:56','Vale HIP 01',2),(25,4,'Belo Horizonte','AMCHAM','08:00:00','18:00:00','2015-07-09 01:35:34','2015-07-09 01:35:34','Vale HIP 02',2),(26,1,'Uberlândia','AMCHAM','18:50:00','22:50:00','2015-07-09 01:36:25','2015-07-09 01:36:25','UD37',1),(27,1,'Belo Horizonte','San Francisco Flat','18:50:00','22:50:00','2015-07-09 01:37:40','2015-07-09 01:37:40','BHA2',2),(28,1,'Itaúna','CDL','18:50:00','22:50:00','2015-07-09 01:39:26','2015-07-09 01:39:26','IT01',3),(29,3,'Belo Horizonte','Cliente','08:00:00','18:00:00','2015-07-09 01:40:25','2015-07-09 01:40:25','Kroton CEs',2),(30,3,'Belo Horizonte','San Francisco Flat','08:00:00','18:00:00','2015-07-09 01:41:03','2015-07-09 01:41:03','Cabtec',2),(31,5,'Belo Horizonte','San Francisco Flat','09:00:00','18:00:00','2015-07-09 01:42:02','2015-07-09 01:42:02','BH01',2),(32,1,'Itaúna','CDL','18:50:00','22:50:00','2015-07-09 01:43:11','2015-07-09 01:43:11','IT02',3),(33,1,'Nova Serrana','SINDINOVA','18:00:00','22:00:00','2015-07-09 01:43:47','2015-07-09 01:43:47','NS05',3),(34,2,'Nova Serrana','SINDINOVA','09:00:00','18:00:00','2015-07-09 01:44:32','2015-07-09 01:44:32','NS01',3),(35,1,'Uberlândia','AMCHAM','18:50:00','22:50:00','2015-07-09 01:45:13','2015-07-09 01:45:13','UD38',1),(36,4,'Uberlândia','IBIS','09:00:00','18:00:00','2015-07-09 01:45:47','2015-07-09 01:45:47','UD01',1),(37,4,'Belo Horizonte','San Francisco Flat','09:00:00','18:00:00','2015-07-09 01:46:22','2015-07-09 01:46:22','BH01',2),(38,6,'Uberlândia','AMCHAM','14:00:00','20:00:00','2015-07-09 01:47:32','2015-07-09 01:47:32','UD01',1),(39,1,'Itaúna','CDL','18:50:00','22:50:00','2015-07-16 14:31:05','2015-07-16 14:31:05','IT03',3),(40,1,'Nova Serrana','SINDINOVA','18:00:00','22:00:00','2015-07-16 14:53:39','2015-07-16 14:53:39','NS06',3),(41,4,'Belo Horizonte','Clarion Hotel Lourdes','09:00:00','18:00:00','2015-07-16 15:18:40','2015-07-16 15:18:40','BH02',2),(42,1,'Belo Horizonte','San Francisco Flat','18:50:00','21:30:00','2015-08-10 13:13:14','2015-08-10 13:13:14','DL',2),(43,3,'Belo Horizonte','Interfile','08:00:00','14:00:00','2015-08-17 02:46:01','2015-08-17 02:46:01','IF',2);
/*!40000 ALTER TABLE `course_classes` ENABLE KEYS */;
UNLOCK TABLES;

--
-- Table structure for table `course_classes_trainers`
--

DROP TABLE IF EXISTS `course_classes_trainers`;
/*!40101 SET @saved_cs_client     = @@character_set_client */;
/*!40101 SET character_set_client = utf8 */;
CREATE TABLE `course_classes_trainers` (
  `id` int(11) NOT NULL AUTO_INCREMENT,
  `course_class_id` int(11) DEFAULT NULL,
  `trainer_id` int(11) DEFAULT NULL,
  `created_at` datetime DEFAULT NULL,
  `updated_at` datetime DEFAULT NULL,
  PRIMARY KEY (`id`),
  KEY `index_course_classes_trainers_on_course_class_id` (`course_class_id`),
  KEY `index_course_classes_trainers_on_trainer_id` (`trainer_id`)
) ENGINE=InnoDB AUTO_INCREMENT=51 DEFAULT CHARSET=utf8 COLLATE=utf8_unicode_ci;
/*!40101 SET character_set_client = @saved_cs_client */;

--
-- Dumping data for table `course_classes_trainers`
--

LOCK TABLES `course_classes_trainers` WRITE;
/*!40000 ALTER TABLE `course_classes_trainers` DISABLE KEYS */;
INSERT INTO `course_classes_trainers` VALUES (1,6,1,'2014-12-22 03:08:16','2014-12-22 03:08:16'),(2,6,2,'2014-12-22 03:08:16','2014-12-22 03:08:16'),(6,11,1,'2015-01-03 02:47:03','2015-01-03 02:47:03'),(7,12,1,'2015-02-17 05:43:25','2015-02-17 05:43:25'),(8,1,1,'2015-04-07 22:11:15','2015-04-07 22:11:15'),(9,13,3,'2015-04-18 20:15:29','2015-04-18 20:15:29'),(10,14,4,'2015-04-18 20:17:04','2015-04-18 20:17:04'),(11,15,1,'2015-07-03 22:53:37','2015-07-03 22:53:37'),(12,15,2,'2015-07-03 22:53:37','2015-07-03 22:53:37'),(13,16,2,'2015-07-03 22:55:09','2015-07-03 22:55:09'),(14,17,1,'2015-07-03 22:56:50','2015-07-03 22:56:50'),(15,17,2,'2015-07-03 22:56:50','2015-07-03 22:56:50'),(16,18,3,'2015-07-03 22:58:25','2015-07-03 22:58:25'),(17,19,1,'2015-07-03 23:00:27','2015-07-03 23:00:27'),(18,20,2,'2015-07-09 01:29:04','2015-07-09 01:29:04'),(19,21,2,'2015-07-09 01:29:47','2015-07-09 01:29:47'),(20,22,2,'2015-07-09 01:31:52','2015-07-09 01:31:52'),(21,23,2,'2015-07-09 01:34:12','2015-07-09 01:34:12'),(22,24,1,'2015-07-09 01:34:56','2015-07-09 01:34:56'),(23,24,2,'2015-07-09 01:34:56','2015-07-09 01:34:56'),(24,25,1,'2015-07-09 01:35:34','2015-07-09 01:35:34'),(25,25,2,'2015-07-09 01:35:34','2015-07-09 01:35:34'),(26,26,4,'2015-07-09 01:36:25','2015-07-09 01:36:25'),(27,27,1,'2015-07-09 01:37:40','2015-07-09 01:37:40'),(28,28,3,'2015-07-09 01:39:26','2015-07-09 01:39:26'),(29,29,1,'2015-07-09 01:40:25','2015-07-09 01:40:25'),(30,29,2,'2015-07-09 01:40:25','2015-07-09 01:40:25'),(31,30,1,'2015-07-09 01:41:03','2015-07-09 01:41:03'),(32,30,2,'2015-07-09 01:41:03','2015-07-09 01:41:03'),(33,31,1,'2015-07-09 01:42:02','2015-07-09 01:42:02'),(34,31,2,'2015-07-09 01:42:02','2015-07-09 01:42:02'),(35,32,3,'2015-07-09 01:43:11','2015-07-09 01:43:11'),(36,33,3,'2015-07-09 01:43:47','2015-07-09 01:43:47'),(37,34,5,'2015-07-09 01:44:32','2015-07-09 01:44:32'),(38,35,4,'2015-07-09 01:45:13','2015-07-09 01:45:13'),(39,36,2,'2015-07-09 01:45:47','2015-07-09 01:45:47'),(40,36,4,'2015-07-09 01:45:47','2015-07-09 01:45:47'),(41,37,1,'2015-07-09 01:46:22','2015-07-09 01:46:22'),(42,37,2,'2015-07-09 01:46:22','2015-07-09 01:46:22'),(43,38,5,'2015-07-09 01:47:32','2015-07-09 01:47:32'),(44,39,3,'2015-07-16 14:31:05','2015-07-16 14:31:05'),(45,40,3,'2015-07-16 14:53:39','2015-07-16 14:53:39'),(46,41,1,'2015-07-16 15:18:40','2015-07-16 15:18:40'),(47,41,2,'2015-07-16 15:18:40','2015-07-16 15:18:40'),(48,42,1,'2015-08-10 13:13:14','2015-08-10 13:13:14'),(49,43,1,'2015-08-17 02:46:01','2015-08-17 02:46:01'),(50,43,2,'2015-08-17 02:46:01','2015-08-17 02:46:01');
/*!40000 ALTER TABLE `course_classes_trainers` ENABLE KEYS */;
UNLOCK TABLES;

--
-- Table structure for table `courses`
--

DROP TABLE IF EXISTS `courses`;
/*!40101 SET @saved_cs_client     = @@character_set_client */;
/*!40101 SET character_set_client = utf8 */;
CREATE TABLE `courses` (
  `id` int(11) NOT NULL AUTO_INCREMENT,
  `name` varchar(255) COLLATE utf8_unicode_ci DEFAULT NULL,
  `code` varchar(255) COLLATE utf8_unicode_ci DEFAULT NULL,
  `price6` decimal(10,0) DEFAULT NULL,
  `price5` decimal(10,0) DEFAULT NULL,
  `price4` decimal(10,0) DEFAULT NULL,
  `price3` decimal(10,0) DEFAULT NULL,
  `price2` decimal(10,0) DEFAULT NULL,
  `price` decimal(10,0) DEFAULT NULL,
  `created_at` datetime DEFAULT NULL,
  `updated_at` datetime DEFAULT NULL,
  `payment_identifier` varchar(255) COLLATE utf8_unicode_ci DEFAULT NULL,
  PRIMARY KEY (`id`)
) ENGINE=InnoDB AUTO_INCREMENT=7 DEFAULT CHARSET=utf8 COLLATE=utf8_unicode_ci;
/*!40101 SET character_set_client = @saved_cs_client */;

--
-- Dumping data for table `courses`
--

LOCK TABLES `courses` WRITE;
/*!40000 ALTER TABLE `courses` DISABLE KEYS */;
INSERT INTO `courses` VALUES (1,'Treinamento de Competências Interpessoais','TCI',635,740,900,1170,1700,3390,'2014-12-22 01:26:04','2015-08-10 19:36:02','T'),(2,'Treinamento de Negociação Total','TNT',499,580,705,930,1380,2640,'2015-02-17 05:42:34','2015-02-17 05:42:34','N'),(3,'Corporativo','CBDS',NULL,NULL,NULL,NULL,NULL,NULL,'2015-07-03 22:50:10','2015-07-03 22:50:10','C'),(4,'Apresentações de Alto Impacto','HIP',3810,3700,3600,3510,3510,3390,'2015-07-03 22:50:50','2015-07-03 22:50:50','H'),(5,'Alta Performance em Vendas','APV',NULL,NULL,NULL,NULL,NULL,3390,'2015-07-09 01:41:22','2015-07-09 01:41:22','V'),(6,'Treinamento de Liderança para Gestores','TLG',NULL,NULL,NULL,NULL,NULL,3390,'2015-07-09 01:46:40','2015-07-09 01:46:40','L');
/*!40000 ALTER TABLE `courses` ENABLE KEYS */;
UNLOCK TABLES;

--
-- Table structure for table `movements`
--

DROP TABLE IF EXISTS `movements`;
/*!40101 SET @saved_cs_client     = @@character_set_client */;
/*!40101 SET character_set_client = utf8 */;
CREATE TABLE `movements` (
  `id` int(11) NOT NULL AUTO_INCREMENT,
  `due_date` date DEFAULT NULL,
  `description` varchar(255) COLLATE utf8_unicode_ci DEFAULT NULL,
  `value` decimal(10,2) DEFAULT NULL,
  `course_class_id` int(11) DEFAULT NULL,
  `account_id` int(11) DEFAULT NULL,
  `result_center_id` int(11) DEFAULT NULL,
  `bank_id` int(11) DEFAULT NULL,
  `created_at` datetime DEFAULT NULL,
  `updated_at` datetime DEFAULT NULL,
  `transfer` tinyint(1) DEFAULT NULL,
  `to_bank_id` int(11) DEFAULT NULL,
  `accountable` tinyint(1) DEFAULT NULL,
  `credit` tinyint(1) NOT NULL DEFAULT '0',
  `transfer_movement_id` int(11) DEFAULT NULL,
  PRIMARY KEY (`id`),
  KEY `index_movements_on_course_class_id` (`course_class_id`),
  KEY `index_movements_on_account_id` (`account_id`),
  KEY `index_movements_on_result_center_id` (`result_center_id`),
  KEY `index_movements_on_bank_id` (`bank_id`),
  KEY `index_movements_on_to_account_id` (`to_bank_id`),
  KEY `index_movements_on_transfer_movement_id` (`transfer_movement_id`)
) ENGINE=InnoDB AUTO_INCREMENT=186 DEFAULT CHARSET=utf8 COLLATE=utf8_unicode_ci;
/*!40101 SET character_set_client = @saved_cs_client */;

--
-- Dumping data for table `movements`
--

LOCK TABLES `movements` WRITE;
/*!40000 ALTER TABLE `movements` DISABLE KEYS */;
INSERT INTO `movements` VALUES (4,'2015-07-08',' DUARTE PLACAS/ TROFÉUS ',320.00,NULL,78,2,1,'2015-07-09 17:28:30','2015-07-09 17:28:30',0,NULL,NULL,0,NULL),(5,'2015-07-08','INGRITH KONZEN ',635.00,35,2,1,2,'2015-07-09 17:31:23','2015-07-27 17:54:26',0,NULL,NULL,1,NULL),(6,'2015-07-08','DEV CHEQUE NAC 001 850062 12',950.00,NULL,2,3,2,'2015-07-09 17:32:57','2015-07-17 13:42:43',0,NULL,NULL,0,NULL),(7,'2015-07-07','RAFAEL CONTE  ',10000.00,NULL,95,3,2,'2015-07-09 17:35:43','2015-08-03 19:50:13',0,NULL,NULL,0,NULL),(8,'2015-07-07','YAGO HENRIQUE LOPES DIAS',2800.00,NULL,95,1,2,'2015-07-09 17:37:05','2015-08-03 19:50:55',0,NULL,NULL,0,NULL),(9,'2015-07-07','RSHOP-SAATORE RES-001008 ',66.00,NULL,93,2,2,'2015-07-09 17:38:43','2015-07-09 17:38:43',0,NULL,NULL,0,NULL),(10,'2015-07-07','RSHOP-VIA PARK -001008  ',18.00,NULL,94,2,2,'2015-07-09 17:44:38','2015-07-09 19:25:17',0,NULL,NULL,0,NULL),(11,'2015-07-07','LIVIA TOMAZ PEREIRA ',847.50,35,2,1,2,'2015-07-09 17:45:38','2015-07-27 17:53:54',0,NULL,NULL,1,NULL),(12,'2015-07-07','REAPR AUT CHEQUE 001 850062  ',950.00,NULL,2,3,2,'2015-07-09 17:46:41','2015-07-17 13:33:45',0,NULL,NULL,1,NULL),(13,'2015-07-07','REND PAGO APLIC AUT APR    ',19.77,NULL,118,2,2,'2015-07-09 17:48:37','2015-07-09 19:16:21',0,NULL,NULL,1,NULL),(14,'2015-07-06','DEV CHEQUE DEP 001 850062 11 ',950.00,NULL,2,3,2,'2015-07-09 17:49:18','2015-07-17 13:33:24',0,NULL,NULL,0,NULL),(15,'2015-07-06','DEV CHEQUE NAC 070 700393 21 ',660.00,NULL,2,3,2,'2015-07-09 17:49:57','2015-07-17 13:32:55',0,NULL,NULL,0,NULL),(16,'2015-07-06','JL HOTEL - HÉLIO ',176.04,NULL,81,1,2,'2015-07-09 17:50:41','2015-07-09 19:15:16',0,NULL,NULL,0,NULL),(17,'2015-07-06','SAVANA HOTEL - HÉLIO E RAFAEL ',358.00,NULL,81,1,2,'2015-07-09 17:51:13','2015-07-09 17:51:13',0,NULL,NULL,0,NULL),(18,'2015-07-06','SAVANA HOTEL - POLYANA ',477.00,NULL,81,1,2,'2015-07-09 17:51:46','2015-07-09 17:51:46',0,NULL,NULL,0,NULL),(19,'2015-07-06','INNOVE CONSULT SOLUÇOES EMPRESARIAIS',3390.00,35,2,1,2,'2015-07-09 17:52:48','2015-07-27 17:44:29',0,NULL,NULL,1,NULL),(20,'2015-07-06','CAROLINA RODRIGUES DOS SANTOS ',635.00,35,2,1,2,'2015-07-09 17:53:16','2015-07-27 17:53:06',0,NULL,NULL,1,NULL),(21,'2015-07-03','BELTON HIP/ ROI / PRB / CERTIFICADO ',2053.34,NULL,77,2,2,'2015-07-09 17:54:31','2015-07-09 19:14:48',0,NULL,NULL,0,NULL),(22,'2015-07-03','FÉRIAS E SALÁRIO KAITY K CAMARGOS',3296.60,NULL,112,2,2,'2015-07-09 17:55:38','2015-07-09 19:13:10',0,NULL,NULL,0,NULL),(23,'2015-07-03','DEP DINHEIRO CEI 000067',324.00,NULL,1,3,2,'2015-07-09 17:56:16','2015-07-17 13:30:02',0,NULL,NULL,1,NULL),(24,'2015-07-03','DEP CHEQUE CXE 000068 ',1230.00,NULL,1,3,2,'2015-07-09 17:56:59','2015-07-17 13:30:24',0,NULL,NULL,1,NULL),(25,'2015-07-03','DEP CHEQUE CXE 000068',10556.60,NULL,1,3,2,'2015-07-09 17:58:10','2015-07-17 13:30:39',0,NULL,NULL,1,NULL),(26,'2015-07-03','REND PAGO APLIC AUT MAIS ',1.55,NULL,118,2,2,'2015-07-09 17:58:59','2015-07-09 19:14:05',0,NULL,NULL,1,NULL),(27,'2015-07-03','VALE TRANSPORTE PRISCILA',136.45,NULL,115,2,1,'2015-07-09 17:59:47','2015-07-09 19:14:23',0,NULL,NULL,0,NULL),(28,'2015-07-02','F1 EVENTOS ',1507.50,34,70,3,2,'2015-07-09 18:02:32','2015-07-17 13:28:22',0,NULL,NULL,1,NULL),(29,'2015-07-01','REND PAGO APLIC AUT MAIS  ',11.37,NULL,118,2,2,'2015-07-09 18:03:34','2015-07-09 19:10:07',0,NULL,NULL,0,NULL),(30,'2015-07-02','BELTON MANUAL HIP',1228.00,NULL,77,2,2,'2015-07-09 18:04:25','2015-07-09 18:04:25',0,NULL,NULL,0,NULL),(31,'2015-07-02','GVT',245.31,NULL,102,2,2,'2015-07-09 18:05:01','2015-07-09 19:11:21',0,NULL,NULL,0,NULL),(32,'2015-07-02','TARIFA CONTA CERTA 06/15    ',115.00,NULL,123,2,2,'2015-07-09 18:06:26','2015-07-09 19:20:26',0,NULL,NULL,0,NULL),(33,'2015-07-02','TARIFA CONTA CERTA EXCED06/15',133.00,NULL,123,2,2,'2015-07-09 18:08:39','2015-07-09 19:20:07',0,NULL,NULL,0,NULL),(34,'2015-07-02','TARIFA DEPOSITO CHEQUE',4.40,NULL,123,2,2,'2015-07-09 18:09:27','2015-07-09 19:20:40',0,NULL,NULL,0,NULL),(35,'2015-07-02','REND PAGO APLIC AUT MAIS ',7.16,NULL,118,2,2,'2015-07-09 18:10:26','2015-07-09 19:11:51',0,NULL,NULL,1,NULL),(36,'2015-07-01','DOC RAFA PASSAGEM AVIÃO',1800.00,NULL,80,2,2,'2015-07-09 18:15:36','2015-07-09 18:15:36',0,NULL,NULL,0,NULL),(37,'2015-07-01',' JARDIM GOURMET  ',635.00,NULL,2,2,2,'2015-07-09 18:16:05','2015-07-09 18:16:05',0,NULL,NULL,1,NULL),(38,'2015-07-01','TELEMAR ',74.79,NULL,102,2,2,'2015-07-09 18:16:56','2015-07-09 19:10:30',0,NULL,NULL,0,NULL),(39,'2015-07-09',' MUNDO DAS TIRAS IND E COM LTDA ',599.07,18,2,3,2,'2015-07-09 18:27:16','2015-07-17 13:28:58',0,NULL,NULL,1,NULL),(40,'2015-07-09','WAGNER ANDRE SANTOS B DA SILVA ',420.00,18,2,3,2,'2015-07-09 18:27:55','2015-07-17 13:29:19',0,NULL,NULL,1,NULL),(41,'2015-07-09','MARCOS MENDES NOGUEIRA NOGUEIRA',3390.00,32,2,3,2,'2015-07-09 18:28:28','2015-07-24 14:25:41',0,NULL,NULL,1,NULL),(42,'2015-07-09',' EDITORA BELTON / APOSTILAS TNT ',2000.00,NULL,88,2,2,'2015-07-10 12:34:59','2015-07-10 12:34:59',0,NULL,NULL,0,NULL),(43,'2015-07-09','ARTEMIDE MOLDURAS CERTIFICADOS  ',1163.50,NULL,78,2,2,'2015-07-10 12:37:11','2015-07-10 12:37:11',0,NULL,NULL,0,NULL),(44,'2015-07-10','RHI REFRATARIOS BRASIL LTDA',635.00,31,72,2,2,'2015-07-10 12:40:28','2015-07-10 12:40:28',0,NULL,NULL,1,NULL),(45,'2015-07-10','SAVANA HOTEL POLYANA',318.00,NULL,2,1,2,'2015-07-13 12:23:51','2015-07-13 12:23:51',0,NULL,NULL,0,NULL),(46,'2015-07-10','AMCHAM ',182.00,NULL,110,2,2,'2015-07-13 12:25:58','2015-07-13 12:26:10',0,NULL,NULL,0,NULL),(47,'2015-07-10','AMCHAM',148.00,NULL,110,2,2,'2015-07-13 12:27:20','2015-07-13 12:27:20',0,NULL,NULL,0,NULL),(48,'2015-07-10','A PAGINA/ COMO FALAR EM PUBLICO E ENCANTAR ',591.33,NULL,88,2,2,'2015-07-13 12:30:48','2015-07-17 17:05:15',0,NULL,NULL,0,NULL),(49,'2015-07-10','DEP 3 CHEQUES  CXE 000070 ',2582.50,NULL,2,1,2,'2015-07-13 12:33:10','2015-08-03 18:43:51',0,NULL,NULL,1,NULL),(50,'2015-07-10','INT PAG TIT BANCO 237',480.00,NULL,78,2,2,'2015-07-13 12:35:41','2015-07-13 12:35:41',1,NULL,NULL,0,NULL),(51,'2015-07-13','THIAGO GIOAZZON',635.00,39,2,3,2,'2015-07-13 12:38:10','2015-07-17 12:59:12',0,NULL,NULL,1,NULL),(52,'2015-07-14','FARMIX DISTRIB DE MEDICAMENTOS',1905.00,32,3,3,2,'2015-07-14 12:29:08','2015-07-17 12:58:24',0,NULL,NULL,1,NULL),(53,'2015-07-14','MARILIA RAQUEL CORREA E SILVA',635.00,32,2,3,2,'2015-07-14 12:29:54','2015-07-17 12:58:06',0,NULL,NULL,1,NULL),(54,'2015-07-14','INDUSTRIA DE CALCADOS THAIS LTDA',635.00,18,2,3,2,'2015-07-14 12:31:53','2015-07-17 13:05:15',0,NULL,NULL,1,NULL),(55,'2015-07-14','RICARDO YASSUHIRO MAMOSE',900.00,35,2,1,2,'2015-07-14 12:32:45','2015-07-27 17:52:07',0,NULL,NULL,1,NULL),(56,'2015-07-14','CREDIT ONE SERVICOS EM GESTAO',3271.35,24,69,2,2,'2015-07-14 12:33:59','2015-07-14 12:33:59',0,NULL,NULL,1,NULL),(57,'2015-07-14','LEONARDO UBALDO P FERREIRA DEP CHEQUE',635.00,37,69,2,2,'2015-07-15 13:22:34','2015-07-15 13:23:11',0,NULL,NULL,1,NULL),(58,'2015-07-15','LUCIANO JABER CAPUANO SANTOS',635.00,35,2,1,2,'2015-07-15 13:29:05','2015-07-27 17:50:21',0,NULL,NULL,1,NULL),(59,'2015-07-15','SOLAR IMOVEIS / LILIANE',635.00,39,2,3,2,'2015-07-15 13:30:09','2015-07-17 12:56:39',0,NULL,NULL,1,NULL),(60,'2015-07-15','SOLAR IMOVEIS / MARIO',635.00,39,2,3,2,'2015-07-15 13:31:01','2015-07-17 12:56:57',0,NULL,NULL,1,NULL),(61,'2015-07-15','FARMIX DISTRIB DE MEDICAMENTOS / JORGE',635.00,39,2,3,2,'2015-07-15 13:31:58','2015-07-17 12:57:12',0,NULL,NULL,1,NULL),(62,'2015-07-15',' MARCELO EUSTAQUIO GONCALVES NAZARE',3390.00,39,2,3,2,'2015-07-15 13:32:55','2015-07-17 12:57:25',0,NULL,NULL,1,NULL),(63,'2015-07-15','ALFA CALDEIRARIA E MONTAGENS / FILIPE',3390.00,39,2,3,2,'2015-07-15 13:33:35','2015-07-17 12:57:38',0,NULL,NULL,1,NULL),(64,'2015-07-15','TOP MOTOS VEICULOS E PECAS LTDA / CRISTIANO',3390.00,39,2,3,2,'2015-07-15 13:34:26','2015-07-17 12:57:50',0,NULL,NULL,1,NULL),(65,'2015-07-15','TOP CONTROLLER CONTABILIDADE LTDA',788.00,NULL,101,2,2,'2015-07-16 12:42:18','2015-07-16 12:42:18',0,NULL,NULL,0,NULL),(66,'2015-07-15','AMERICAN CHAMBER OF COMMERCE FOR BRAZIL - UDI DEMONSTRATIVA',307.00,NULL,74,1,2,'2015-07-16 12:48:47','2015-07-16 12:48:47',0,NULL,NULL,0,NULL),(67,'2015-07-16','ATLANTICA HOTELS ',1228.50,41,69,2,2,'2015-07-17 12:18:56','2015-07-17 12:18:56',0,NULL,NULL,0,NULL),(68,'2015-07-17','SOLAR IMOVEIS / ALEXANDRE',635.00,32,2,3,2,'2015-07-17 12:56:18','2015-07-17 12:56:18',0,NULL,NULL,1,NULL),(69,'2015-07-17','IND DE CALCADOS SANTINELLO LTDA',635.00,18,2,3,2,'2015-07-17 13:05:00','2015-07-17 13:05:00',0,NULL,NULL,1,NULL),(70,'2015-07-17','IND DE CALCADOS SANTINELLO LTDA',880.00,34,70,3,2,'2015-07-17 13:08:58','2015-07-17 13:08:58',0,NULL,NULL,1,NULL),(71,'2015-07-17','CROMIC IND E COM DE CALCADOS',495.00,34,70,3,2,'2015-07-17 13:10:40','2015-07-17 13:10:40',0,NULL,NULL,1,NULL),(72,'2015-07-17','CROMIC IND E COM DE CALCADOS',495.00,34,70,3,2,'2015-07-17 13:11:04','2015-07-17 13:11:04',0,NULL,NULL,1,NULL),(73,'2015-07-17','LA ASSESSORIA PARA LOJISTAS LTDA',495.00,34,70,3,2,'2015-07-17 13:14:07','2015-07-17 13:14:07',0,NULL,NULL,1,NULL),(74,'2015-07-17','FRANCISLENE MENDONCA SILVA',1695.00,35,2,1,2,'2015-07-17 13:23:34','2015-07-27 17:51:15',0,NULL,NULL,1,NULL),(75,'2015-07-20','SONIA APARECIDA FERNANDES AS SILVEIRA',642.00,18,2,3,2,'2015-07-20 18:09:07','2015-07-20 18:09:07',0,NULL,NULL,1,NULL),(76,'2015-07-20','MARIA PAULA SPINI BARATA',635.00,35,2,1,2,'2015-07-20 18:09:56','2015-07-27 17:46:37',0,NULL,NULL,1,NULL),(77,'2015-07-27','TOP CONTROLLER CONTABILIDADE LTDA / LIVROS',108.34,NULL,101,2,2,'2015-07-20 18:11:12','2015-07-28 12:04:23',0,NULL,NULL,0,NULL),(78,'2015-07-21','SUPERMERCADOS LEAL LTDA',635.00,35,2,1,2,'2015-07-21 13:01:11','2015-07-27 17:45:46',0,NULL,NULL,1,NULL),(79,'2015-07-21','MANUFATURA DE COUROS SOLANGE	LTDA',1392.00,40,2,3,2,'2015-07-21 13:02:40','2015-07-21 13:02:40',0,NULL,NULL,1,NULL),(80,'2015-07-21','SITEWARE SOLUCOES',1130.00,37,69,2,2,'2015-07-21 13:03:41','2015-07-21 13:03:41',0,NULL,NULL,1,NULL),(81,'2015-07-21','BUFFET ISAURA ARAUJO',3390.00,39,2,3,2,'2015-07-21 13:04:27','2015-07-21 13:04:27',0,NULL,NULL,1,NULL),(82,'2015-07-21','PRISMA VISUAL LTDA / FELIPE',900.00,39,2,3,2,'2015-07-21 13:05:13','2015-07-21 13:05:13',0,NULL,NULL,1,NULL),(83,'2015-07-21','ADRIANA DE SOUZA',4627.00,NULL,95,1,2,'2015-07-21 17:20:11','2015-07-21 17:20:11',0,NULL,NULL,0,NULL),(84,'2015-07-21','REND PAGO APLIC AUT APR',2.96,NULL,118,2,2,'2015-07-22 12:10:16','2015-07-22 12:10:16',0,NULL,NULL,1,NULL),(85,'2015-07-17','PATRUS TRANSPORTES',94.10,NULL,97,2,2,'2015-07-22 12:14:21','2015-07-22 12:14:21',0,NULL,NULL,0,NULL),(86,'2015-07-17','SAVANA HOTEL POLYANA',318.00,NULL,81,1,2,'2015-07-22 12:18:16','2015-07-22 12:18:16',0,NULL,NULL,0,NULL),(87,'2015-07-20','TASK SOFTWARE LTDA EPP',69.90,NULL,102,2,2,'2015-07-22 12:20:26','2015-07-22 12:20:26',0,NULL,NULL,0,NULL),(88,'2015-07-20','TIM CELULAR SA',647.00,NULL,102,2,2,'2015-07-22 12:21:33','2015-07-22 12:21:33',0,NULL,NULL,0,NULL),(89,'2015-07-21','CDL ITAUNA ',171.66,NULL,110,3,2,'2015-07-22 12:23:13','2015-07-22 12:23:13',0,NULL,NULL,0,NULL),(90,'2015-07-21','CXE SAQUE 000992.001008',290.00,NULL,111,2,2,'2015-07-22 12:28:00','2015-07-24 13:02:27',0,NULL,NULL,0,NULL),(91,'2015-07-22','SILVA EMPREENDIMENTOS IMOBILIARIOS LTDA GRUPO MBL',3390.00,39,2,3,2,'2015-07-22 12:33:26','2015-07-22 12:33:26',0,NULL,NULL,1,NULL),(92,'2015-07-22','CAMARA DE DIRIGENTES LOJISTAS DE ITAUNA',9500.40,NULL,111,2,2,'2015-07-22 13:32:37','2015-07-22 13:32:37',0,NULL,NULL,0,NULL),(93,'2015-07-22','REND PAGO APLIC AUT APR',38.01,NULL,118,2,2,'2015-07-23 12:00:06','2015-07-23 12:00:06',0,NULL,NULL,1,NULL),(94,'2015-07-14','KAITY K CAMARGOS DE R QUEIROZ',1232.00,37,95,2,1,'2015-07-23 12:13:19','2015-07-23 12:13:19',0,NULL,NULL,0,NULL),(95,'2015-07-23','CEMIG',116.30,NULL,98,2,2,'2015-07-24 12:22:26','2015-07-24 12:22:26',0,NULL,NULL,0,NULL),(96,'2015-07-23','HOTEL GUILHERME',209.05,NULL,92,2,2,'2015-07-24 12:23:05','2015-07-24 13:01:01',0,NULL,NULL,0,NULL),(97,'2015-07-24','CAROLINA RODRIGUES DOS SANTOS',635.00,35,2,1,2,'2015-07-24 12:45:29','2015-07-27 17:45:22',0,NULL,NULL,1,NULL),(98,'2015-07-24','A PAGINA D LIVROS LTDA',546.00,NULL,88,2,2,'2015-07-27 12:10:02','2015-07-27 12:10:02',0,NULL,NULL,0,NULL),(99,'2015-07-24','REND PAGO APLIC AUT APR',2.86,NULL,118,2,2,'2015-07-27 12:10:48','2015-07-27 12:10:48',0,NULL,NULL,1,NULL),(100,'2015-07-27','TINY ESPACO DA CRIANCA LTDA',740.00,35,2,1,2,'2015-07-27 12:13:55','2015-07-27 17:45:00',0,NULL,NULL,1,NULL),(101,'2015-07-27','INNOVE CONSULT SOLUÇOES EMPRESARIAIS',3390.00,35,2,1,2,'2015-07-27 17:43:46','2015-07-27 17:43:57',0,NULL,NULL,1,NULL),(102,'2015-07-27',' EDITORA BELTON / MANUAL VENDAS ',1333.33,NULL,88,2,2,'2015-07-28 12:15:53','2015-07-28 12:15:53',0,NULL,NULL,0,NULL),(103,'2015-07-27','ATLANTICA HOTELS',1241.79,41,69,2,2,'2015-07-28 12:18:19','2015-07-28 12:18:19',0,NULL,NULL,0,NULL),(104,'2015-07-27','TEC DEPOSITO DINHEIRO',2201.70,NULL,1,2,2,'2015-07-28 12:19:17','2015-07-28 12:19:17',0,NULL,NULL,1,NULL),(105,'2015-07-28','FABIANA VANESSA GONÇALVES DE GODOY',1150.00,35,2,1,2,'2015-07-28 12:21:35','2015-07-28 14:35:36',0,NULL,NULL,1,NULL),(106,'2015-07-28','DOCE TEMPERO ALIMENTACAO INDUSTRIAL',3390.00,39,2,3,2,'2015-07-28 12:24:06','2015-07-28 12:25:04',0,NULL,NULL,1,NULL),(107,'2015-07-28','FARMIX DISTRIB DE MEDICAMENTOS',635.00,39,2,3,2,'2015-07-28 12:24:35','2015-07-28 12:24:35',0,NULL,NULL,1,NULL),(109,'2015-07-28','FAXINEIRA',500.00,NULL,107,2,1,'2015-07-29 13:09:50','2015-07-29 13:09:50',0,NULL,NULL,0,NULL),(110,'2015-07-28','VALE ALIMENTAÇÃO PRISCILA',220.00,NULL,114,2,1,'2015-07-29 13:11:35','2015-07-29 13:11:35',0,NULL,NULL,0,NULL),(111,'2015-07-29','SISPAG 002015/1',3271.35,NULL,1,2,2,'2015-07-30 12:29:24','2015-07-30 12:29:29',0,NULL,NULL,1,NULL),(112,'2015-07-30','RECOM COMERCIO DE RESIDUOS LTDA / KARLA',635.00,40,2,3,2,'2015-07-30 12:35:13','2015-07-30 12:35:13',0,NULL,NULL,1,NULL),(113,'2015-07-31','AIA HOTEL ITAUNA LTDA EPP / RAFAEL E HÉLIO',180.00,NULL,92,1,2,'2015-07-31 12:17:44','2015-07-31 12:20:51',0,NULL,NULL,0,NULL),(114,'2015-07-31','F1 EVENTOS',1507.50,34,70,3,2,'2015-07-31 12:19:37','2015-07-31 12:19:37',0,NULL,NULL,1,NULL),(115,'2015-07-30','SAVANA HOTEL LTDA / POLYANA',318.00,35,81,1,2,'2015-08-03 12:39:47','2015-08-03 12:39:47',0,NULL,NULL,0,NULL),(116,'2015-07-31','ARTES GRÁFICAS E EDITORA BELTON ',2053.33,NULL,88,2,2,'2015-08-03 12:47:17','2015-08-03 12:51:30',0,NULL,NULL,0,NULL),(117,'2015-07-31','CONDOMINIO DO EDIFICIO STO AGOST. ALUGUEL SALA 901',267.68,NULL,104,2,2,'2015-08-03 12:51:02','2015-08-03 12:51:02',0,NULL,NULL,0,NULL),(118,'2015-07-31','FUNCHAL CONDOMINIO',1181.08,NULL,104,2,2,'2015-08-03 12:52:16','2015-08-03 12:52:16',0,NULL,NULL,0,NULL),(119,'2015-07-31','AMCHAM',1228.00,35,85,1,2,'2015-08-03 12:56:02','2015-08-03 12:56:02',0,NULL,NULL,0,NULL),(120,'2015-07-31','TELEMAR ',80.44,NULL,102,2,2,'2015-08-03 12:57:55','2015-08-03 12:57:55',0,NULL,NULL,0,NULL),(121,'2015-07-31','REND PAGO APLIC AUT APR ',22.39,NULL,118,2,2,'2015-08-03 13:00:31','2015-08-03 13:00:31',0,NULL,NULL,1,NULL),(122,'2015-08-03','AILTON BARRETO DE GOIS',717.55,35,2,1,2,'2015-08-03 13:05:30','2015-08-11 14:35:26',0,NULL,0,1,NULL),(123,'2015-07-24','SUPERMERCADO EPA / ÁGUA MINERAL',5.97,NULL,111,2,1,'2015-08-03 14:48:38','2015-08-03 14:48:38',0,NULL,NULL,0,NULL),(124,'2015-08-03','SUPERMERCADO EPA / ÁGUA MINERAL',3.98,NULL,111,2,1,'2015-08-03 14:49:15','2015-08-11 14:27:28',0,NULL,1,0,NULL),(125,'2015-07-28','SUPERMERCADO EPA / ÁGUA MINERAL',5.97,NULL,111,2,1,'2015-08-03 14:51:32','2015-08-03 14:51:32',0,NULL,NULL,0,NULL),(126,'2015-08-03','FGTS',160.00,NULL,116,2,2,'2015-08-03 14:58:11','2015-08-03 14:58:11',0,NULL,NULL,0,NULL),(127,'2015-08-03','GPS',180.00,NULL,116,2,2,'2015-08-03 15:03:17','2015-08-03 15:03:17',0,NULL,NULL,0,NULL),(128,'2015-08-03','CORREIOS',20.50,NULL,97,2,2,'2015-08-03 17:51:17','2015-08-03 19:51:50',0,NULL,NULL,0,NULL),(129,'2015-08-03','ERICA CRISTINA AMARAL',635.00,18,2,3,2,'2015-08-03 17:56:44','2015-08-03 17:56:44',0,NULL,NULL,1,NULL),(130,'2015-08-03','VALE TRANSPORTE KAITY',260.40,NULL,115,2,2,'2015-08-03 18:02:19','2015-08-03 18:02:19',0,NULL,NULL,0,NULL),(131,'2015-08-03','VALE ALIMENTAÇÃO KAITY',210.00,NULL,114,2,2,'2015-08-03 18:02:58','2015-08-03 18:02:58',0,NULL,NULL,0,NULL),(132,'2015-07-10','ADERSON ANTONIO RODRIGUES',476.25,26,2,1,2,'2015-08-03 18:46:56','2015-08-03 18:46:56',0,NULL,NULL,1,NULL),(133,'2015-07-20',' DIEGO ARANTES CANDIDO ',880.00,34,70,3,2,'2015-08-03 18:48:16','2015-08-03 18:48:16',0,NULL,NULL,1,NULL),(134,'2015-08-03','YAGO HENRIQUE LOPES DIAS',2800.00,NULL,95,1,1,'2015-08-03 19:48:00','2015-08-04 13:03:45',0,NULL,0,0,NULL),(135,'2015-08-03','PRISCILA MIRANDA DE REZENDE',1500.00,NULL,111,2,1,'2015-08-03 19:49:37','2015-08-11 14:19:05',0,1,0,0,NULL),(136,'2015-07-28','TRANSFERÊNCIA PARA CAIXA',700.00,NULL,127,2,2,'2015-08-04 03:01:28','2015-08-04 03:01:28',1,1,0,0,NULL),(137,'2015-07-28','TRANSFERÊNCIA PARA CAIXA',700.00,NULL,127,2,1,'2015-08-04 03:01:28','2015-08-04 03:01:28',1,NULL,0,1,136),(138,'2015-08-03','SUPRIMENTO DE CAIXA',4300.00,NULL,127,2,2,'2015-08-04 13:04:22','2015-08-11 15:43:30',1,1,1,0,NULL),(139,'2015-08-03','Transferência para Caixa',4300.00,NULL,127,2,1,'2015-08-04 13:04:22','2015-08-04 13:04:22',1,NULL,0,1,138),(140,'2015-08-03','SAVANA HOTEL/ POLY',318.00,35,81,1,2,'2015-08-11 14:23:42','2015-08-11 14:23:42',0,NULL,0,0,NULL),(141,'2015-08-03','BELTON MATERIAL INTERFILE',960.00,NULL,3,2,2,'2015-08-11 14:27:08','2015-08-11 14:27:08',0,NULL,1,0,NULL),(142,'2015-08-03','MULTICOISAS / PURIFICADOR DE AGUA',133.90,NULL,104,2,2,'2015-08-11 14:28:49','2015-08-11 14:28:49',0,NULL,1,0,NULL),(143,'2015-08-03','ESTORNO ÉRICA CRISTINA AMARAL',635.00,40,2,3,2,'2015-08-11 14:31:02','2015-08-11 14:31:02',0,NULL,1,0,NULL),(144,'2015-08-03','REND PAGO APLIC AUT MAIS',34.45,NULL,118,2,2,'2015-08-11 14:35:11','2015-08-11 14:35:11',0,NULL,1,1,NULL),(145,'2015-08-04','SEO CHICO CHOPERIA E RESTAURANTE',1695.00,35,2,1,2,'2015-08-11 15:37:12','2015-08-11 15:37:12',0,NULL,0,1,NULL),(146,'2015-08-04','GVT',240.69,NULL,102,2,2,'2015-08-11 15:37:50','2015-08-11 15:37:50',0,NULL,1,0,NULL),(147,'2015-08-04','TAR CONTA CERTA 07/015',115.00,NULL,123,2,2,'2015-08-11 15:38:24','2015-08-11 15:38:24',0,NULL,1,0,NULL),(148,'2015-08-04','TAR CTA CERTA EXCED 07/15',142.50,NULL,123,2,2,'2015-08-11 15:39:03','2015-08-11 15:39:03',0,NULL,1,0,NULL),(149,'2015-08-04','TAR DEPOSITO CHQ',17.60,NULL,123,2,2,'2015-08-11 15:40:29','2015-08-11 15:40:29',0,NULL,1,0,NULL),(150,'2015-08-04','REND PAGO APLIC AUT MAIS',3.32,NULL,118,2,2,'2015-08-11 15:41:13','2015-08-11 15:41:13',0,NULL,1,1,NULL),(151,'2015-08-05','SUPRIMENTO DE CAIXA',10000.00,NULL,127,2,2,'2015-08-11 15:42:38','2015-08-11 15:43:53',1,1,1,0,NULL),(152,'2015-08-05','REND PAGO APLIC AUT MAIS',62.73,NULL,118,2,2,'2015-08-11 15:44:27','2015-08-11 15:44:27',0,NULL,1,1,NULL),(153,'2015-08-06','ALUGUEL SINDI NOVA',700.00,34,74,3,1,'2015-08-11 15:46:21','2015-08-11 15:50:49',0,NULL,1,0,NULL),(154,'2015-08-06','SUPRIMENTO DE CAIXA',700.00,NULL,127,2,2,'2015-08-11 15:50:11','2015-08-11 15:50:11',1,1,1,0,NULL),(155,'2015-08-06','SUPRIMENTO DE CAIXA',700.00,NULL,127,2,1,'2015-08-11 15:50:11','2015-08-11 15:50:11',1,NULL,1,1,154),(156,'2015-08-06','REND PAGO APLIC AUT MAIS',5.33,NULL,118,2,2,'2015-08-11 15:52:06','2015-08-11 15:52:06',0,NULL,1,1,NULL),(157,'2015-08-07','INTERFILE',20000.00,43,3,2,2,'2015-08-11 15:53:11','2015-08-17 02:46:52',0,NULL,1,1,NULL),(158,'2015-08-07','MUNDO DAS TIRAS E COM LTDA',544.28,33,2,3,2,'2015-08-11 15:57:36','2015-08-11 15:57:36',0,NULL,0,1,NULL),(159,'2015-08-10','A PÁGINA DISTRIBUIDORA DE LIVROS',546.00,NULL,88,2,2,'2015-08-11 16:01:31','2015-08-11 16:01:31',0,NULL,1,0,NULL),(160,'2015-08-10','AMCHAM ',182.00,NULL,110,2,2,'2015-08-11 16:02:32','2015-08-11 16:02:32',0,NULL,1,0,NULL),(161,'2015-08-10','AMCHAM',148.00,NULL,110,2,2,'2015-08-11 16:03:00','2015-08-11 16:03:00',0,NULL,1,0,NULL),(162,'2015-08-10','ADERSON SOUZA',476.25,26,2,1,2,'2015-08-11 16:04:13','2015-08-11 16:04:13',0,NULL,0,1,NULL),(163,'2015-08-10',' LIVIA TOMAZ PEREIRA ',847.50,35,2,1,2,'2015-08-11 16:07:33','2015-08-11 16:07:33',0,NULL,0,1,NULL),(164,'2015-08-10','REND PAGO APLIC AUT MAIS',1.49,NULL,118,2,2,'2015-08-11 16:08:02','2015-08-11 16:08:02',0,NULL,1,1,NULL),(165,'2015-08-11','RHI REFRATARIOS BRASIL LTDA',635.00,31,72,2,2,'2015-08-11 16:08:49','2015-08-11 16:08:49',0,NULL,0,1,NULL),(166,'2015-08-11',' INDUSTRIA DE CALCADOS THAIS LTDA',635.00,40,2,3,2,'2015-08-11 16:09:41','2015-08-11 16:09:41',0,NULL,0,1,NULL),(167,'2015-08-11','SUPRIMENTO DE CAIXA',5068.00,NULL,127,2,2,'2015-08-13 12:34:35','2015-08-13 12:34:35',1,1,1,0,NULL),(168,'2015-08-11','SUPRIMENTO DE CAIXA',5068.00,NULL,127,2,1,'2015-08-13 12:34:35','2015-08-13 12:34:35',1,NULL,1,1,167),(169,'2015-08-11','PAGAMENTO DE AUTONOMOS / ÉRICA',1850.00,39,95,2,1,'2015-08-13 12:38:27','2015-08-13 12:40:00',0,NULL,0,0,NULL),(170,'2015-08-11','PAGAMENTO DE AUTONOMOS / FABIANO',2468.00,39,95,2,1,'2015-08-13 12:39:22','2015-08-13 12:40:35',0,NULL,0,0,NULL),(171,'2015-08-11','REFORMA SALA 802',750.00,NULL,104,2,1,'2015-08-13 12:41:34','2015-08-13 12:41:34',0,NULL,0,0,NULL),(173,'2015-08-13','THIAGO GIOAZZON',699.34,35,2,1,2,'2015-08-13 12:44:45','2015-08-13 12:45:56',0,NULL,0,1,NULL),(174,'2015-08-11','REND PAGO APLIC AUT MAIS',29.41,NULL,118,2,2,'2015-08-13 12:47:03','2015-08-13 12:47:03',0,NULL,1,1,NULL),(175,'2015-08-12','RECONHECIMENTO DE ASSINATURA / CARTÓRIO',10.54,NULL,111,2,2,'2015-08-13 12:47:59','2015-08-13 12:47:59',0,NULL,1,0,NULL),(176,'2015-08-13','LEONARDO UBALDO P FERREIRA',635.00,37,69,2,2,'2015-08-14 17:31:55','2015-08-14 17:31:55',0,NULL,0,1,NULL),(177,'2015-08-13','REEMBOLSO POLY',1216.00,35,2,1,2,'2015-08-14 17:33:36','2015-08-14 17:33:36',1,1,0,0,NULL),(178,'2015-08-13','REEMBOLSO POLY',1216.00,35,2,1,1,'2015-08-14 17:33:36','2015-08-14 17:33:36',1,NULL,0,1,177),(179,'2015-08-13','SUPRIMENTO DE CAIXA',1216.00,35,2,1,1,'2015-08-14 17:34:12','2015-08-14 17:43:41',0,NULL,1,0,NULL),(180,'2015-08-13','SAVANA HOTEL/ POLY',318.00,35,81,1,2,'2015-08-14 17:35:20','2015-08-14 17:35:20',0,NULL,1,0,NULL),(181,'2015-08-13','LISIA TOMAZ PEREIRA',847.50,35,2,1,2,'2015-08-14 17:39:00','2015-08-14 17:39:00',0,NULL,0,1,NULL),(182,'2015-08-13','REND PAGO APLIC AUT MAIS',3.05,NULL,118,2,2,'2015-08-14 17:40:21','2015-08-14 17:40:21',0,NULL,1,1,NULL),(183,'2015-08-14',' SOLAR IMOVEIS',635.00,39,2,3,2,'2015-08-14 17:41:33','2015-08-14 17:41:33',0,NULL,0,1,NULL),(184,'2015-08-14','FARMIX MEDICAMENTOS',635.00,39,2,3,2,'2015-08-14 17:42:27','2015-08-14 17:42:27',0,NULL,0,1,NULL),(185,'2015-08-14','INGRID KONZEN',635.00,35,2,1,2,'2015-08-14 17:43:15','2015-08-14 17:43:15',0,NULL,0,1,NULL);
/*!40000 ALTER TABLE `movements` ENABLE KEYS */;
UNLOCK TABLES;

--
-- Table structure for table `participants`
--

DROP TABLE IF EXISTS `participants`;
/*!40101 SET @saved_cs_client     = @@character_set_client */;
/*!40101 SET character_set_client = utf8 */;
CREATE TABLE `participants` (
  `id` int(11) NOT NULL AUTO_INCREMENT,
  `name` varchar(255) COLLATE utf8_unicode_ci DEFAULT NULL,
  `cpf` varchar(255) COLLATE utf8_unicode_ci DEFAULT NULL,
  `birthday` date DEFAULT NULL,
  `marital_state` varchar(255) COLLATE utf8_unicode_ci DEFAULT NULL,
  `address` varchar(255) COLLATE utf8_unicode_ci DEFAULT NULL,
  `neighborhood` varchar(255) COLLATE utf8_unicode_ci DEFAULT NULL,
  `city` varchar(255) COLLATE utf8_unicode_ci DEFAULT NULL,
  `state` varchar(255) COLLATE utf8_unicode_ci DEFAULT NULL,
  `postal_code` varchar(255) COLLATE utf8_unicode_ci DEFAULT NULL,
  `phone` varchar(255) COLLATE utf8_unicode_ci DEFAULT NULL,
  `cellphone` varchar(255) COLLATE utf8_unicode_ci DEFAULT NULL,
  `email` varchar(255) COLLATE utf8_unicode_ci DEFAULT NULL,
  `profession` varchar(255) COLLATE utf8_unicode_ci DEFAULT NULL,
  `job_description` varchar(255) COLLATE utf8_unicode_ci DEFAULT NULL,
  `created_at` datetime DEFAULT NULL,
  `updated_at` datetime DEFAULT NULL,
  PRIMARY KEY (`id`)
) ENGINE=InnoDB AUTO_INCREMENT=59 DEFAULT CHARSET=utf8 COLLATE=utf8_unicode_ci;
/*!40101 SET character_set_client = @saved_cs_client */;

--
-- Dumping data for table `participants`
--

LOCK TABLES `participants` WRITE;
/*!40000 ALTER TABLE `participants` DISABLE KEYS */;
INSERT INTO `participants` VALUES (1,'Rafael',NULL,NULL,NULL,NULL,NULL,NULL,NULL,NULL,NULL,NULL,NULL,NULL,NULL,'2015-02-11 00:38:52','2015-02-11 00:38:52'),(2,'Val','123','2015-06-11','casada','rua a','estoril','BH','MG','30','31','32','a@b.com','arq','chefe','2015-02-11 01:07:48','2015-02-11 01:07:48'),(3,'Vala','123','1925-06-11','casada','rua a','estoril','BH','MG','30','31','32','a@b.com','arq','chefe','2015-02-16 07:57:45','2015-02-16 07:57:45'),(7,'A','1','1925-02-28','C','R','B','C','E','31123456','3112345678','3198765432','A@B.COM','P','F','2015-02-28 02:39:43','2015-02-28 02:39:43'),(8,'A','1','1925-02-28','C','R','B','C','E','31123456','3112345678','3198765432','A@B.COM','P','F','2015-02-28 02:40:54','2015-02-28 02:40:54'),(14,'A','1','1925-02-28','C','R','B','C','E','31123456','3112345678','3198765432','A@B.COM','P','F','2015-02-28 02:49:37','2015-02-28 02:49:37'),(15,'N','31233131231','1925-02-28','E','E','B','C','E','C','T','C','E','P','F','2015-02-28 02:51:25','2015-02-28 02:51:25'),(16,'Na','31233131231','1925-02-28','E','E','B','C','E','C','T','C','E','P','F','2015-02-28 02:52:12','2015-02-28 02:52:12'),(17,'Na','31233131231','1925-02-28','E','E','B','C','E','C','T','C','E','P','F','2015-02-28 02:52:55','2015-02-28 02:52:55'),(18,'Na','31233131231','1925-02-28','E','E','B','C','E','C','T','C','E','P','F','2015-02-28 02:53:50','2015-02-28 02:53:50'),(43,'Na','31233131231','1925-02-28','E','E','B','C','E','C','T','C','E','P','F','2015-02-28 03:28:35','2015-02-28 03:28:35'),(44,'Na','31233131231','1925-02-28','E','E','B','C','E','C','T','C','E','P','F','2015-02-28 03:30:32','2015-02-28 03:30:32'),(45,'Na','31233131231','1925-02-28','E','E','B','C','E','C','T','C','E','P','F','2015-02-28 03:33:42','2015-02-28 03:33:42'),(46,'Leonardo Padua','12345678909','1972-02-28','Solteiro','Rua dos Pampas 115','Prado','BH','MG','30123-456','31 1234-5678','31 9876-5432','a@b.com','Engenheiro','Analista de barragens','2015-02-28 12:15:52','2015-02-28 12:15:52'),(47,'NOME','12345678909','1925-03-06','EC','ENDERECO','BAIRRO','CIDADE','ESTADO','CEP','TELEFONE','CELULAR','EMAIL','PROFISSÃO','FUNÇÃO','2015-03-06 22:48:40','2015-03-06 22:48:40'),(48,'NOME','12345678909','1925-03-06','EC','ENDERECO','BAIRRO','CIDADE','ESTADO','CEP','TELEFONE','CELULAR','EMAIL','PROFISSÃO','FUNÇÃO','2015-03-06 22:49:40','2015-03-06 22:49:40'),(49,'Rafael','12312312312','1925-03-31','CAsado','ooo','oo','o','o','12121212','1212121212','1212121211','a@b.com','a','a','2015-03-31 22:14:29','2015-03-31 22:14:29'),(50,'Rafael','12312312312','1925-03-31','CAsado','ooo','oo','o','o','12121212','1212121212','1212121211','a@b.com','a','a','2015-03-31 22:14:52','2015-03-31 22:14:52'),(51,'a','12345678909','1980-04-04','a','a','a','a','a','00000000','0000000000','0000000000','a@b.com','a','a','2015-04-04 21:21:26','2015-04-04 21:21:26'),(52,'Laila Roberta Silveira','10586193650','1991-11-16','Solteira','Rua Deputado Sebastião Nascimento, 349','Palmeiras','Belo Horizonte','MG','30575410','3191190631','3188678055','lailamarra@hotmail.com','Marketóloga','Analista Comercial','2015-08-10 13:21:12','2015-08-10 13:21:12'),(53,'ROSINO BIAGIONI DE REZENDE GOMES','66346851691','1969-12-30','CASADO','RUA SANTO ANTONIO DO MONTE 246 APTO 1100','SANTO ANTONIO','BELO HORIZONTE','MINAS GERAIS','30330220','3247-7067','9403-0101','rosinobiagioni@terra.com.br','Administração','Gerente','2015-08-10 20:03:38','2015-08-10 20:03:38');
/*!40000 ALTER TABLE `participants` ENABLE KEYS */;
UNLOCK TABLES;

--
-- Table structure for table `payment_documents`
--

DROP TABLE IF EXISTS `payment_documents`;
/*!40101 SET @saved_cs_client     = @@character_set_client */;
/*!40101 SET character_set_client = utf8 */;
CREATE TABLE `payment_documents` (
  `id` int(11) NOT NULL AUTO_INCREMENT,
  `subscription_id` int(11) DEFAULT NULL,
  `value` decimal(10,2) DEFAULT NULL,
  `document_number` varchar(255) COLLATE utf8_unicode_ci DEFAULT NULL,
  `bank` varchar(255) COLLATE utf8_unicode_ci DEFAULT NULL,
  `agency` varchar(255) COLLATE utf8_unicode_ci DEFAULT NULL,
  `account` varchar(255) COLLATE utf8_unicode_ci DEFAULT NULL,
  `due_date` date DEFAULT NULL,
  `paid_date` date DEFAULT NULL,
  `created_at` datetime DEFAULT NULL,
  `updated_at` datetime DEFAULT NULL,
  `generated` tinyint(1) DEFAULT NULL,
  `doc_file_file_name` varchar(255) COLLATE utf8_unicode_ci DEFAULT NULL,
  `doc_file_content_type` varchar(255) COLLATE utf8_unicode_ci DEFAULT NULL,
  `doc_file_file_size` int(11) DEFAULT NULL,
  `doc_file_updated_at` datetime DEFAULT NULL,
  `kind` varchar(255) COLLATE utf8_unicode_ci DEFAULT NULL,
  PRIMARY KEY (`id`),
  KEY `index_payment_documents_on_subscription_id` (`subscription_id`)
) ENGINE=InnoDB AUTO_INCREMENT=50 DEFAULT CHARSET=utf8 COLLATE=utf8_unicode_ci;
/*!40101 SET character_set_client = @saved_cs_client */;

--
-- Dumping data for table `payment_documents`
--

LOCK TABLES `payment_documents` WRITE;
/*!40000 ALTER TABLE `payment_documents` DISABLE KEYS */;
INSERT INTO `payment_documents` VALUES (1,3,580.00,'BHT0101R1',NULL,NULL,NULL,'2015-03-20',NULL,'2015-02-17 21:22:33','2015-03-12 22:15:07',NULL,NULL,NULL,NULL,NULL,NULL),(2,20,100.00,'R071',NULL,NULL,NULL,'2015-02-28',NULL,'2015-02-28 03:28:38','2015-03-06 22:13:50',1,'Boleto_GranViver.pdf','application/pdf',136736,'2015-03-06 22:13:50',NULL),(3,21,580.00,'R071',NULL,NULL,NULL,'2015-02-28',NULL,'2015-02-28 03:30:37','2015-02-28 03:30:37',0,NULL,NULL,NULL,NULL,NULL),(4,21,580.00,'R072',NULL,NULL,NULL,'2015-03-28',NULL,'2015-02-28 03:30:41','2015-02-28 03:30:41',0,NULL,NULL,NULL,NULL,NULL),(5,21,580.00,'R073',NULL,NULL,NULL,'2015-04-28',NULL,'2015-02-28 03:30:44','2015-02-28 03:30:44',0,NULL,NULL,NULL,NULL,NULL),(6,21,580.00,'R074',NULL,NULL,NULL,'2015-05-28',NULL,'2015-02-28 03:30:45','2015-02-28 03:30:45',0,NULL,NULL,NULL,NULL,NULL),(7,21,580.00,'R075',NULL,NULL,NULL,'2015-06-28',NULL,'2015-02-28 03:30:45','2015-02-28 03:30:45',0,NULL,NULL,NULL,NULL,NULL),(8,21,580.00,'R076',NULL,NULL,NULL,'2015-07-28',NULL,'2015-02-28 03:30:46','2015-02-28 03:30:46',0,NULL,NULL,NULL,NULL,NULL),(9,22,580.00,'R071',NULL,NULL,NULL,'2015-02-28',NULL,'2015-02-28 03:33:47','2015-02-28 03:33:47',0,NULL,NULL,NULL,NULL,NULL),(10,22,580.00,'R072',NULL,NULL,NULL,'2015-03-28',NULL,'2015-02-28 03:33:48','2015-02-28 03:33:48',0,NULL,NULL,NULL,NULL,NULL),(11,22,580.00,'R073',NULL,NULL,NULL,'2015-04-28',NULL,'2015-02-28 03:33:48','2015-02-28 03:33:48',0,NULL,NULL,NULL,NULL,NULL),(12,22,580.00,'R074',NULL,NULL,NULL,'2015-05-28',NULL,'2015-02-28 03:33:49','2015-02-28 03:33:49',0,NULL,NULL,NULL,NULL,NULL),(13,22,580.00,'R075',NULL,NULL,NULL,'2015-06-28',NULL,'2015-02-28 03:33:49','2015-02-28 03:33:49',0,NULL,NULL,NULL,NULL,NULL),(14,22,580.00,'R076',NULL,NULL,NULL,'2015-07-28',NULL,'2015-02-28 03:33:49','2015-02-28 03:33:49',0,NULL,NULL,NULL,NULL,NULL),(15,23,580.00,'R091',NULL,NULL,NULL,'2015-03-02',NULL,'2015-02-28 12:16:02','2015-02-28 12:16:02',0,NULL,NULL,NULL,NULL,NULL),(16,23,580.00,'R092',NULL,NULL,NULL,'2015-04-02',NULL,'2015-02-28 12:16:55','2015-02-28 12:16:55',0,NULL,NULL,NULL,NULL,NULL),(17,23,580.00,'R093',NULL,NULL,NULL,'2015-05-02',NULL,'2015-02-28 12:16:57','2015-02-28 12:16:57',0,NULL,NULL,NULL,NULL,NULL),(18,23,580.00,'R094',NULL,NULL,NULL,'2015-06-02',NULL,'2015-02-28 12:16:58','2015-02-28 12:16:58',0,NULL,NULL,NULL,NULL,NULL),(19,23,580.00,'R095',NULL,NULL,NULL,'2015-07-02',NULL,'2015-02-28 12:16:59','2015-02-28 12:16:59',0,NULL,NULL,NULL,NULL,NULL),(20,23,580.00,'R096',NULL,NULL,NULL,'2015-08-02',NULL,'2015-02-28 12:16:59','2015-02-28 12:16:59',0,NULL,NULL,NULL,NULL,NULL),(21,24,580.00,'R021',NULL,NULL,NULL,'2015-03-06',NULL,'2015-03-06 22:48:54','2015-03-06 22:48:54',0,NULL,NULL,NULL,NULL,NULL),(22,24,580.00,'R022',NULL,NULL,NULL,'2015-04-06',NULL,'2015-03-06 22:48:56','2015-03-06 22:48:56',0,NULL,NULL,NULL,NULL,NULL),(23,24,580.00,'R023',NULL,NULL,NULL,'2015-05-06',NULL,'2015-03-06 22:48:57','2015-03-06 22:48:57',0,NULL,NULL,NULL,NULL,NULL),(24,24,580.00,'R024',NULL,NULL,NULL,'2015-06-06',NULL,'2015-03-06 22:48:57','2015-03-06 22:48:57',0,NULL,NULL,NULL,NULL,NULL),(25,24,580.00,'R025',NULL,NULL,NULL,'2015-07-06',NULL,'2015-03-06 22:48:58','2015-03-06 22:48:58',0,NULL,NULL,NULL,NULL,NULL),(26,25,580.00,'R031',NULL,NULL,NULL,'2015-03-06',NULL,'2015-03-06 22:49:44','2015-03-06 22:49:44',0,NULL,NULL,NULL,NULL,NULL),(27,25,580.00,'R032',NULL,NULL,NULL,'2015-04-06',NULL,'2015-03-06 22:49:44','2015-03-06 22:49:44',0,NULL,NULL,NULL,NULL,NULL),(28,25,580.00,'R033',NULL,NULL,NULL,'2015-05-06',NULL,'2015-03-06 22:49:45','2015-03-06 22:49:45',0,NULL,NULL,NULL,NULL,NULL),(29,25,580.00,'R034',NULL,NULL,NULL,'2015-06-06',NULL,'2015-03-06 22:49:45','2015-03-06 22:49:45',0,NULL,NULL,NULL,NULL,NULL),(30,25,580.00,'R035',NULL,NULL,NULL,'2015-07-06',NULL,'2015-03-06 22:49:46','2015-03-06 22:49:46',0,NULL,NULL,NULL,NULL,NULL),(31,18,580.00,'9218301','Itau','2289-9','234-22','2015-03-06',NULL,'2015-03-06 23:32:54','2015-03-06 23:32:54',NULL,NULL,NULL,NULL,NULL,NULL),(32,18,580.00,'0001','ITAU','1582','28433-5','2015-03-13',NULL,'2015-03-06 23:45:10','2015-03-06 23:45:10',NULL,NULL,NULL,NULL,NULL,NULL),(33,18,580.00,'0002','ITAU','1582','28433-5','2015-04-13',NULL,'2015-03-06 23:45:10','2015-03-06 23:45:10',NULL,NULL,NULL,NULL,NULL,NULL),(34,18,580.00,'0003','ITAU','1582','28433-5','2015-05-13',NULL,'2015-03-06 23:45:10','2015-03-06 23:45:10',NULL,NULL,NULL,NULL,NULL,NULL),(35,18,580.00,'0004','ITAU','1582','28433-5','2015-06-13',NULL,'2015-03-06 23:45:10','2015-03-06 23:45:10',NULL,NULL,NULL,NULL,NULL,NULL),(36,18,580.00,'0005','ITAU','1582','28433-5','2015-07-13',NULL,'2015-03-06 23:45:10','2015-03-06 23:45:10',NULL,NULL,NULL,NULL,NULL,NULL),(37,18,580.00,'0006','ITAU','1582','28433-5','2015-08-13',NULL,'2015-03-06 23:45:10','2015-03-06 23:45:10',NULL,NULL,NULL,NULL,NULL,NULL),(38,27,499.00,'051',NULL,NULL,NULL,'2015-04-05',NULL,'2015-03-31 22:14:52','2015-03-31 22:14:52',0,NULL,NULL,NULL,NULL,NULL),(39,27,499.00,'052',NULL,NULL,NULL,'2015-05-05',NULL,'2015-03-31 22:14:52','2015-03-31 22:14:52',0,NULL,NULL,NULL,NULL,NULL),(40,27,499.00,'053',NULL,NULL,NULL,'2015-06-05',NULL,'2015-03-31 22:14:52','2015-03-31 22:14:52',0,NULL,NULL,NULL,NULL,NULL),(41,27,499.00,'054',NULL,NULL,NULL,'2015-07-05',NULL,'2015-03-31 22:14:52','2015-03-31 22:14:52',0,NULL,NULL,NULL,NULL,NULL),(42,27,499.00,'055',NULL,NULL,NULL,'2015-08-05',NULL,'2015-03-31 22:14:52','2015-03-31 22:14:52',0,NULL,NULL,NULL,NULL,NULL),(43,27,499.00,'056',NULL,NULL,NULL,'2015-09-05',NULL,'2015-03-31 22:14:52','2015-03-31 22:14:52',0,NULL,NULL,NULL,NULL,NULL),(44,29,565.00,'DLR011',NULL,NULL,NULL,'2015-08-14',NULL,'2015-08-10 13:21:12','2015-08-10 14:51:01',0,NULL,NULL,NULL,NULL,'B'),(45,29,565.00,'DLR012',NULL,NULL,NULL,'2015-09-14',NULL,'2015-08-10 13:21:12','2015-08-10 14:51:01',0,NULL,NULL,NULL,NULL,'B'),(46,29,565.00,'DLR013',NULL,NULL,NULL,'2015-10-14',NULL,'2015-08-10 13:21:12','2015-08-10 14:51:01',0,NULL,NULL,NULL,NULL,'B'),(47,29,565.00,'DLR014',NULL,NULL,NULL,'2015-11-14',NULL,'2015-08-10 13:21:12','2015-08-10 14:51:01',0,NULL,NULL,NULL,NULL,'B'),(48,29,565.00,'DLR015',NULL,NULL,NULL,'2015-12-14',NULL,'2015-08-10 13:21:12','2015-08-10 14:51:01',0,NULL,NULL,NULL,NULL,'B'),(49,29,565.00,'DLR016',NULL,NULL,NULL,'2016-01-14',NULL,'2015-08-10 13:21:12','2015-08-10 14:51:01',0,NULL,NULL,NULL,NULL,'B');
/*!40000 ALTER TABLE `payment_documents` ENABLE KEYS */;
UNLOCK TABLES;

--
-- Table structure for table `result_centers`
--

DROP TABLE IF EXISTS `result_centers`;
/*!40101 SET @saved_cs_client     = @@character_set_client */;
/*!40101 SET character_set_client = utf8 */;
CREATE TABLE `result_centers` (
  `id` int(11) NOT NULL AUTO_INCREMENT,
  `name` varchar(255) COLLATE utf8_unicode_ci DEFAULT NULL,
  `created_at` datetime DEFAULT NULL,
  `updated_at` datetime DEFAULT NULL,
  PRIMARY KEY (`id`)
) ENGINE=InnoDB AUTO_INCREMENT=4 DEFAULT CHARSET=utf8 COLLATE=utf8_unicode_ci;
/*!40101 SET character_set_client = @saved_cs_client */;

--
-- Dumping data for table `result_centers`
--

LOCK TABLES `result_centers` WRITE;
/*!40000 ALTER TABLE `result_centers` DISABLE KEYS */;
INSERT INTO `result_centers` VALUES (1,'Uberlândia','2015-04-07 22:09:41','2015-04-07 22:09:41'),(2,'Belo Horizonte','2015-04-07 22:09:50','2015-04-07 22:09:50'),(3,'Centro de Minas','2015-04-07 22:10:03','2015-07-17 12:57:26');
/*!40000 ALTER TABLE `result_centers` ENABLE KEYS */;
UNLOCK TABLES;

--
-- Table structure for table `salesmen`
--

DROP TABLE IF EXISTS `salesmen`;
/*!40101 SET @saved_cs_client     = @@character_set_client */;
/*!40101 SET character_set_client = utf8 */;
CREATE TABLE `salesmen` (
  `id` int(11) NOT NULL AUTO_INCREMENT,
  `name` varchar(255) COLLATE utf8_unicode_ci DEFAULT NULL,
  `bank` varchar(255) COLLATE utf8_unicode_ci DEFAULT NULL,
  `agency` int(11) DEFAULT NULL,
  `account` varchar(255) COLLATE utf8_unicode_ci DEFAULT NULL,
  `operation` varchar(255) COLLATE utf8_unicode_ci DEFAULT NULL,
  `created_at` datetime DEFAULT NULL,
  `updated_at` datetime DEFAULT NULL,
  `identifier` varchar(255) COLLATE utf8_unicode_ci DEFAULT NULL,
  `user_id` int(11) DEFAULT NULL,
  PRIMARY KEY (`id`),
  KEY `index_salesmen_on_user_id` (`user_id`)
) ENGINE=InnoDB AUTO_INCREMENT=5 DEFAULT CHARSET=utf8 COLLATE=utf8_unicode_ci;
/*!40101 SET character_set_client = @saved_cs_client */;

--
-- Dumping data for table `salesmen`
--

LOCK TABLES `salesmen` WRITE;
/*!40000 ALTER TABLE `salesmen` DISABLE KEYS */;
INSERT INTO `salesmen` VALUES (1,'Rafael Spínola','Itau',6985,'06769-0','','2015-02-10 23:48:52','2015-02-10 23:48:52','R',NULL),(2,'Danielle Boufleuer','Santander',1234,'4321-0','1','2015-02-17 20:53:05','2015-02-17 20:53:05','D',NULL),(3,'Rafael Conte','Itau',2424,'2424-2','500','2015-02-17 20:53:34','2015-02-17 20:53:34','C',NULL),(4,'Bernardo Amaral','341',8888,'1821281','001','2015-03-31 22:10:44','2015-03-31 22:10:44',NULL,NULL);
/*!40000 ALTER TABLE `salesmen` ENABLE KEYS */;
UNLOCK TABLES;

--
-- Table structure for table `schema_migrations`
--

DROP TABLE IF EXISTS `schema_migrations`;
/*!40101 SET @saved_cs_client     = @@character_set_client */;
/*!40101 SET character_set_client = utf8 */;
CREATE TABLE `schema_migrations` (
  `version` varchar(255) COLLATE utf8_unicode_ci NOT NULL,
  UNIQUE KEY `unique_schema_migrations` (`version`)
) ENGINE=InnoDB DEFAULT CHARSET=utf8 COLLATE=utf8_unicode_ci;
/*!40101 SET character_set_client = @saved_cs_client */;

--
-- Dumping data for table `schema_migrations`
--

LOCK TABLES `schema_migrations` WRITE;
/*!40000 ALTER TABLE `schema_migrations` DISABLE KEYS */;
INSERT INTO `schema_migrations` VALUES ('20141118213150'),('20141118213153'),('20141118213159'),('20141222010210'),('20141222014438'),('20141222014521'),('20141222014553'),('20141222014959'),('20141222021517'),('20141222033001'),('20150103135634'),('20150103135655'),('20150103145505'),('20150105121136'),('20150212014648'),('20150216195405'),('20150217034031'),('20150217200904'),('20150217204803'),('20150217210151'),('20150217212436'),('20150228020058'),('20150407220657'),('20150407220737'),('20150407223725'),('20150407224058'),('20150407224116'),('20150408025042'),('20150421043806'),('20150423145527'),('20150426214049'),('20150717125959'),('20150720211030'),('20150720220433'),('20150804014610');
/*!40000 ALTER TABLE `schema_migrations` ENABLE KEYS */;
UNLOCK TABLES;

--
-- Table structure for table `subscriptions`
--

DROP TABLE IF EXISTS `subscriptions`;
/*!40101 SET @saved_cs_client     = @@character_set_client */;
/*!40101 SET character_set_client = utf8 */;
CREATE TABLE `subscriptions` (
  `id` int(11) NOT NULL AUTO_INCREMENT,
  `participant_id` int(11) DEFAULT NULL,
  `course_class_id` int(11) DEFAULT NULL,
  `company_id` int(11) DEFAULT NULL,
  `salesman_id` int(11) DEFAULT NULL,
  `amount` decimal(10,2) DEFAULT NULL,
  `created_at` datetime DEFAULT NULL,
  `updated_at` datetime DEFAULT NULL,
  `retains_iss` tinyint(1) DEFAULT NULL,
  `charge_company` tinyint(1) DEFAULT NULL,
  `first_payment_date` date DEFAULT NULL,
  `observations` text COLLATE utf8_unicode_ci,
  `payment_method` varchar(255) COLLATE utf8_unicode_ci DEFAULT NULL,
  `sequence` int(11) DEFAULT NULL,
  `payments_quantity` int(11) DEFAULT NULL,
  PRIMARY KEY (`id`),
  KEY `index_subscriptions_on_participant_id` (`participant_id`),
  KEY `index_subscriptions_on_course_class_id` (`course_class_id`),
  KEY `index_subscriptions_on_company_id` (`company_id`),
  KEY `index_subscriptions_on_salesman_id` (`salesman_id`)
) ENGINE=InnoDB AUTO_INCREMENT=36 DEFAULT CHARSET=utf8 COLLATE=utf8_unicode_ci;
/*!40101 SET character_set_client = @saved_cs_client */;

--
-- Dumping data for table `subscriptions`
--

LOCK TABLES `subscriptions` WRITE;
/*!40000 ALTER TABLE `subscriptions` DISABLE KEYS */;
INSERT INTO `subscriptions` VALUES (29,52,42,51,1,3480.00,'2015-08-10 13:21:12','2015-08-10 13:21:12',0,0,'2015-08-10','Autorizado por Rafael Spínola valor à vista em 6x de R$ 565','B',1,6),(30,53,42,52,1,0.00,'2015-08-10 20:03:38','2015-08-10 20:03:38',1,1,'2015-08-30','Deposito irá creditar 21 dias após a emissão de Nota Fiscal.','D',2,NULL);
/*!40000 ALTER TABLE `subscriptions` ENABLE KEYS */;
UNLOCK TABLES;

--
-- Table structure for table `trainers`
--

DROP TABLE IF EXISTS `trainers`;
/*!40101 SET @saved_cs_client     = @@character_set_client */;
/*!40101 SET character_set_client = utf8 */;
CREATE TABLE `trainers` (
  `id` int(11) NOT NULL AUTO_INCREMENT,
  `name` varchar(255) COLLATE utf8_unicode_ci DEFAULT NULL,
  `bank` varchar(255) COLLATE utf8_unicode_ci DEFAULT NULL,
  `agency` int(11) DEFAULT NULL,
  `account` varchar(255) COLLATE utf8_unicode_ci DEFAULT NULL,
  `operation` varchar(255) COLLATE utf8_unicode_ci DEFAULT NULL,
  `created_at` datetime DEFAULT NULL,
  `updated_at` datetime DEFAULT NULL,
  PRIMARY KEY (`id`)
) ENGINE=InnoDB AUTO_INCREMENT=6 DEFAULT CHARSET=utf8 COLLATE=utf8_unicode_ci;
/*!40101 SET character_set_client = @saved_cs_client */;

--
-- Dumping data for table `trainers`
--

LOCK TABLES `trainers` WRITE;
/*!40000 ALTER TABLE `trainers` DISABLE KEYS */;
INSERT INTO `trainers` VALUES (1,'Rafael Spínola','Itaú',6985,'06769-0','','2014-12-22 02:07:30','2014-12-22 02:07:30'),(2,'Hélio Loredo','Santander',1234,'12345','','2014-12-22 02:07:46','2014-12-22 02:07:46'),(3,'Rafael Conte','Itaú',123,'1234','500','2014-12-22 02:37:27','2014-12-22 02:37:27'),(4,'Polyana Araujo','Bradesco',1234,'1234-2','1','2015-04-18 20:16:13','2015-04-18 20:16:13'),(5,'Guilherme Amaral','Brasil',1234,'1234-1','001','2015-07-09 01:42:32','2015-07-09 01:42:32');
/*!40000 ALTER TABLE `trainers` ENABLE KEYS */;
UNLOCK TABLES;

--
-- Table structure for table `users`
--

DROP TABLE IF EXISTS `users`;
/*!40101 SET @saved_cs_client     = @@character_set_client */;
/*!40101 SET character_set_client = utf8 */;
CREATE TABLE `users` (
  `id` int(11) NOT NULL AUTO_INCREMENT,
  `email` varchar(255) COLLATE utf8_unicode_ci NOT NULL DEFAULT '',
  `encrypted_password` varchar(255) COLLATE utf8_unicode_ci DEFAULT '',
  `reset_password_token` varchar(255) COLLATE utf8_unicode_ci DEFAULT NULL,
  `reset_password_sent_at` datetime DEFAULT NULL,
  `remember_created_at` datetime DEFAULT NULL,
  `sign_in_count` int(11) NOT NULL DEFAULT '0',
  `current_sign_in_at` datetime DEFAULT NULL,
  `last_sign_in_at` datetime DEFAULT NULL,
  `current_sign_in_ip` varchar(255) COLLATE utf8_unicode_ci DEFAULT NULL,
  `last_sign_in_ip` varchar(255) COLLATE utf8_unicode_ci DEFAULT NULL,
  `created_at` datetime DEFAULT NULL,
  `updated_at` datetime DEFAULT NULL,
  `name` varchar(255) COLLATE utf8_unicode_ci DEFAULT NULL,
  `role` int(11) DEFAULT NULL,
  `invitation_token` varchar(255) COLLATE utf8_unicode_ci DEFAULT NULL,
  `invitation_created_at` datetime DEFAULT NULL,
  `invitation_sent_at` datetime DEFAULT NULL,
  `invitation_accepted_at` datetime DEFAULT NULL,
  `invitation_limit` int(11) DEFAULT NULL,
  `invited_by_id` int(11) DEFAULT NULL,
  `invited_by_type` varchar(255) COLLATE utf8_unicode_ci DEFAULT NULL,
  `invitations_count` int(11) DEFAULT '0',
  PRIMARY KEY (`id`),
  UNIQUE KEY `index_users_on_email` (`email`),
  UNIQUE KEY `index_users_on_reset_password_token` (`reset_password_token`),
  UNIQUE KEY `index_users_on_invitation_token` (`invitation_token`),
  KEY `index_users_on_invitations_count` (`invitations_count`),
  KEY `index_users_on_invited_by_id` (`invited_by_id`)
) ENGINE=InnoDB AUTO_INCREMENT=13 DEFAULT CHARSET=utf8 COLLATE=utf8_unicode_ci;
/*!40101 SET character_set_client = @saved_cs_client */;

--
-- Dumping data for table `users`
--

LOCK TABLES `users` WRITE;
/*!40000 ALTER TABLE `users` DISABLE KEYS */;
INSERT INTO `users` VALUES (3,'rafael.spinola@gmail.com','$2a$10$RXX6hOGS7F1sDGdFTD2jWOp6RErU7Q3PqfWmuxEG2nCtSoYEprNGW','PwkXNC9Ensz7XhQZq2jN',NULL,NULL,18,'2015-08-10 19:51:52','2015-08-10 19:44:53','186.213.125.169','186.213.125.169','2015-04-21 03:36:39','2015-08-10 19:51:52','Rafael Spinola',2,NULL,NULL,NULL,NULL,NULL,NULL,NULL,0),(5,'rafael.spinol.a@gmail.com','$2a$10$KP35.SfOwtDoXNNfDD.wNeGPgtOE3VD3qN8BihBp2b12yT6PK/qla',NULL,NULL,NULL,1,'2015-04-21 05:15:28','2015-04-21 05:15:28','10.0.2.2','10.0.2.2','2015-04-21 05:10:13','2015-04-21 05:15:52','Helio Loredo',0,NULL,'2015-04-21 05:11:02','2015-04-21 05:11:02','2015-04-21 05:15:28',NULL,3,'User',0),(10,'priscila@dalecarnegiemg.com.br','$2a$10$TWQQSzSum0/V6cZWldz1hu./t.xhHaTddCcAD989Irk5q42n66LW6',NULL,NULL,NULL,3,'2015-07-15 13:15:56','2015-07-10 12:11:59','189.59.174.194','177.134.117.45','2015-07-09 15:11:33','2015-07-15 13:15:56','Priscila Miranda',2,NULL,'2015-07-09 15:11:33','2015-07-09 15:11:33','2015-07-09 16:45:52',NULL,3,'User',0),(11,'rafa.el.spinola@gmail.com','',NULL,NULL,NULL,0,NULL,NULL,NULL,NULL,'2015-07-20 20:54:15','2015-07-20 20:54:15','Rafael Vendedor',0,'fc2094627ae94b08db7f828b11772a0c0a6ae4f7dc8051eed073e8b5f52af424','2015-07-20 20:54:15','2015-07-20 20:54:15',NULL,NULL,3,'User',0),(12,'kaity@dalecarnegiemg.com.br','$2a$10$U.cH8Ob6AREOoP35805hyOILO9L2jqPKyP/FVN0cGl9urZ42bguUu',NULL,NULL,NULL,8,'2015-08-14 17:29:48','2015-08-14 17:26:24','177.205.137.124','177.205.137.124','2015-08-10 19:47:44','2015-08-14 17:29:48','Kaity Camargos',2,NULL,NULL,NULL,'2015-08-10 19:47:44',NULL,3,'User',0);
/*!40000 ALTER TABLE `users` ENABLE KEYS */;
UNLOCK TABLES;
/*!40103 SET TIME_ZONE=@OLD_TIME_ZONE */;

/*!40101 SET SQL_MODE=@OLD_SQL_MODE */;
/*!40014 SET FOREIGN_KEY_CHECKS=@OLD_FOREIGN_KEY_CHECKS */;
/*!40014 SET UNIQUE_CHECKS=@OLD_UNIQUE_CHECKS */;
/*!40101 SET CHARACTER_SET_CLIENT=@OLD_CHARACTER_SET_CLIENT */;
/*!40101 SET CHARACTER_SET_RESULTS=@OLD_CHARACTER_SET_RESULTS */;
/*!40101 SET COLLATION_CONNECTION=@OLD_COLLATION_CONNECTION */;
/*!40111 SET SQL_NOTES=@OLD_SQL_NOTES */;

-- Dump completed on 2015-08-16 22:58:27
